figure,width_in,height_in,title_lines,subtitle_lines,source_lines,repel_warnings,other_warnings,web_kb,min_label_pt
01_coverage_timing_map,11,7.5,2,2,1,0,0,78,12.5
02_adoption_timeline,11,6.5,2,2,1,0,0,61,12.5
03_raw_trends_by_cohort,12,9.5,2,2,1,0,0,210,NA
04_suppression_share,9,5.5,2,2,1,0,0,64,12.5
05_withdrawal_descriptive,12,9,2,2,1,0,0,137,12.5
10_event_study_primary,11,6.8,2,1,1,0,5,58,12.5
11_specification_chart,11,7,2,1,1,0,0,81,NA
12_honestdid,9,6,2,2,1,0,0,45,NA
13_secondary_outcomes,9,10,2,1,1,0,0,91,NA
20_funnel,12,8,2,2,1,0,0,122,12.5
21_forecast_fan,11,6.5,2,2,2,0,0,99,12.5
30_partd_claims_prescribers,11,5.5,2,1,2,0,0,41,NA
31_partd_specialty_mix,10,6,2,2,2,0,0,35,NA
32_partd_concentration,11,5.8,2,2,2,0,0,73,NA
33_partd_tirzepatide_adoption,9,6,2,2,2,0,0,76,NA
34_partd_wegovy_vs_ozempic_specialty,10,5.5,2,2,2,0,0,51,12.5
35_partd_segments,15,3.8,2,1,2,0,0,62,12.5
35_partd_segments_k5,15,5.5,2,1,2,0,0,97,12.5
36_payments_binned,10,6.2,2,2,2,0,0,62,12.5
40_tornado,11,6,1,1,2,0,0,75,12.5
41_waterfall_pmpm,11,6,2,2,2,0,0,45,12.5
42_cost_by_scenario,11,6,2,2,2,0,0,65,12.5
43_psa_distribution,10,5.8,2,1,2,0,0,33,NA
50_spending_trend,12,6.2,2,0,1,0,0,138,12.5
51_timeline,12,8.4,2,1,2,0,0,130,12.5
52_sdud_reporting_suppression,12,15,2,0,1,0,0,143,NA
53_rate_map_2025Q3,11,7.5,2,2,1,0,0,91,12.5
