figure,notes
01_coverage_timing_map,Primary tiles show the cohort quarter (23Q1 = 2023 Q1); ↓ = coverage later ended or lapsed. Data through SDUD 2026 Q1 (preliminary).
02_adoption_timeline,"Gray band = preliminary SDUD quarter (2026 Q1). Coverage end dates after 2026 Q1 (RI, MA, UT) are future-dated and not shown as ended."
03_raw_trends_by_cohort,"Dotted lines, left to right: Wegovy approval (2021-06-04), Zepbound approval (2023-11-08), Wegovy cardiovascular indication (2024-03-08), Zepbound sleep apnea indication (2024-12-20). Gray band = preliminary 2026 Q1. Observed counts only (suppressed cells excluded); the outcome is mechanically zero before 2021 Q2. Gross of rebates; counts under 11 suppressed by CMS."
04_suppression_share,"Y-axis capped at 10%; the three earlier quarters are above the cap and labeled. Before 2023 Q1 volumes are small (under 10,000 prescriptions a quarter), so the bound is wide. Gross of rebates; counts under 11 suppressed by CMS."
05_withdrawal_descriptive,"Normalized change = (1 + obesity_wz change) / (1 + all-drug SDUD change) - 1 for 2025 Q4 to 2026 Q1; raw changes are in the table (obesity_wz: CA -75.7%, PA -95.5%, continuously covered median -1.6%; all drugs: CA -26.0%, PA -51.0%, median -17.9%). Gross of rebates; counts under 11 suppressed by CMS. PRELIMINARY: 2026 Q1 is preliminary SDUD data; only one post-withdrawal quarter exists for most states (North Carolina lapsed 2025-10-01 to 2025-12-11 and resumed). New Hampshire is a sensitivity state."
05b_withdrawal_change,Gross of rebates; counts under 11 suppressed by CMS.
06_managed_care_split,Gross of rebates; counts under 11 suppressed by CMS.
07_bmi_diabetes_age_sex,Prevalence among adults with the measure available. Cell labels are percent of adults.
08_ndc_product_flow,"Counts are NDC codes, not prescriptions."
10_event_study_primary,"Callaway-Sant'Anna dynamic ATT, 10 primary states vs never- and not-yet-treated states, 2018 Q1 to 2025 Q3; 20 imputations of suppressed cells combined with Rubin's rules. Shaded band and points: pointwise 95% CI; numbers along the bottom: contributing treated states; event times with fewer than 3 contributing states are grayed. Gross of rebates; counts under 11 suppressed by CMS. Simultaneous confidence bands are not shown: with single-state cohorts the bootstrap critical value is unreliable (did warns of this) and very large (17.9 on average over the imputations, versus 1.96 pointwise). Leads before 2021 Q2 (before Wegovy existed) are omitted: the outcome is mechanically zero there and they are not evidence of parallel trends."
11_specification_chart,Gross of rebates; counts under 11 suppressed by CMS. Specification 12 (fee-for-service only) is not shown: not estimable reliably (FFS denominators too small; coverage operates mainly through MCOs in SC and RI). It is listed in the specification table.
12_honestdid,Gross of rebates; counts under 11 suppressed by CMS.
13_secondary_outcomes,"Dynamic ATT by quarters since coverage began, same design as the primary; each panel on its own y-scale; bars are pointwise 95% CIs (simultaneous bands omitted: they are very wide with single-state cohorts); gray = fewer than 3 contributing states; leads before 2021 Q2 omitted. Gross of rebates; counts under 11 suppressed by CMS. The diabetes GLP-1 outcome is a pre-specified spillover outcome, not a clean negative control: a negative estimate is consistent with substitution from off-label diabetes products to covered obesity products, a positive one with spillover in prescribing, and neither can be told apart from a design problem with this data alone."
20_funnel,The eligible count is a lower bound: sleep apnea and other label conditions are not measurable in NHANES. Bar widths are proportional to people. Told-overweight step uses the 2017-2020 file (not asked in 2021-2023).
21_forecast_fan,"The group includes use for heart disease and is a proxy for weight-management use. Growth, ceiling and access-event sizes are assumptions listed in moduleB_assumptions.csv."
33_partd_tirzepatide_adoption,"Counts are claims, and only prescribers with 11 or more claims for a drug appear."
35_partd_segments,Stability: mean Jaccard over 50 bootstrap resamples.
35_partd_segments_k5,Stability: mean Jaccard over 50 bootstrap resamples.
36_payments_binned,"Mean 2024 Part D incretin claims (solid) and mean 2022 claims (dashed) by 2023 payment bin: no payment, then deciles of positive payment amounts (D1 lowest, D10 highest). Binned and aggregate; an association, not an effect of payments. Part D reflects diabetes and other covered uses, not obesity-brand adoption. Association only: payments are not randomly assigned."
37_partd_volume_deciles,"Part D reflects diabetes and other covered uses, not obesity-brand adoption. Aggregates only."
40_tornado,"SDUD amounts are gross of rebates; rebates, prior authorization and years 3-5 are assumptions."
41_waterfall_pmpm,"SDUD amounts are gross of rebates; rebates, prior authorization and years 3-5 are assumptions."
42_cost_by_scenario,"SDUD amounts are gross of rebates; rebates, prior authorization and years 3-5 are assumptions."
43_psa_distribution,"Perfect correlation gives $50.3M to $347.3M), gross cost, rebate, prior authorization multiplier and years 3-5 scenario drawn from their ranges. 1 million enrollees. SDUD amounts are gross of rebates; rebates, prior authorization and years 3-5 are assumptions."
50_spending_trend,"Spending is gross of rebates. Orange: brands labeled for obesity (Wegovy, Zepbound, Saxenda); gray: diabetes brands. Part D brands also include diabetes and other covered uses; Victoza packs are combined. CMS outlier flags are kept."
51_timeline,Coverage counts use the first day of the start month and the day after the end date; Saxenda (approved 2014) is outside the window.
52_sdud_reporting_suppression,States are ordered by the number of quarters with both utilization types. Counts under 11 are suppressed by CMS; no suppressed value is shown.
53_rate_map_2025Q3,"Observed counts only: cells under 11 are suppressed, so rates are lower bounds. 2025 Q3 is the last full quarter before the preliminary 2026 Q1 data."
54_trial_weight_change,"Different populations, durations and doses; no cost-effectiveness claim."
