file,url,access_date,sha256,used_for
kff_poll_glp1_current_use_2025-11.html,https://www.kff.org/public-opinion/poll-1-in-8-adults-say-they-are-currently-taking-a-glp-1-drug-for-weight-loss-diabetes-or-another-condition-even-as-half-say-the-drugs-are-difficult-to-afford/,2026-10-04,9b3323c7def79f1574c88c1944886bf80f5d12b6197ba4dee0a7f985f39a0d98,"B3 current GLP-1 use among adults (question wording, date, margin of error)"
kff_poll_glp1_topline_2026-03.pdf,https://files.kff.org/attachment/topline-kff-health-tracking-poll-march-2026.pdf,2026-10-04,ba1e3796e0416dd8879f8bedb2f7d63c89ce2bda0764d465495e30110edd686f,B3 check for a more recent KFF GLP-1 use question
nchs_data_brief_511_hypertension.pdf,https://www.cdc.gov/nchs/data/databriefs/db511.pdf,2026-10-04,acbde07506cf072d68c50271859eeef510ba8330ec72631349af70c3177f7d32,B2 hypertension definition used by NCHS (measured BP or medication)
uscode_42_1396r8_medicaid_drug_rebate.html,https://www.law.cornell.edu/uscode/text/42/1396r-8,2026-10-04,ff7f8ed1111a621d2efceab4b1f8dc2351bec283c4c585ad1d1ae4613b69dcc0,E1 statutory Medicaid basic rebate for brand (single source / innovator multiple source) drugs (Social Security Act section 1927)
ispor_budget_impact_good_practice_II.html,https://www.ispor.org/heor-resources/good-practices/article/principles-of-good-practice-for-budget-impact-analysis-ii,2026-10-04,2e3c5684b2f79da654aabe45316c963184ef5db548477fe432d858d182dcab31,"E1 ISPOR budget impact analysis guideline (Sullivan et al., Value Health 2014;17:5-14)"
whitehouse_fact_sheet_mfn_2025-11.html,https://www.whitehouse.gov/fact-sheets/2025/11/fact-sheet-president-donald-j-trump-announces-major-developments-in-bringing-most-favored-nation-pricing-to-american-patients/,2026-10-04,f4b39c8882bfc58e4f058d752fe87bd8b650d312ad788c9a8c238441c80f7382,B4/E1 announced public-programme GLP-1 prices (Medicare and Medicaid)
cms_medicare_glp1_bridge_faqs.pdf,https://www.cms.gov/files/document/medicare-glp-1-bridge-expectations-faqs.pdf,2026-10-04,5f8e3a7d84acf76a785402bc3ce78044981f53b57e1476dbe16b7fda373a2b3a,B4 Medicare GLP-1 Bridge FAQs
cms_medicare_glp1_bridge_page.html,https://www.cms.gov/medicare/coverage/prescription-drug-coverage/medicare-glp-1-bridge,2026-10-03,67028c822346085865f51af37ee7b2379704548f402777dbfdb0ebff257a4efd,"B4 Medicare GLP-1 Bridge: dates, copay, criteria"
cms_medicare_glp1_bridge_page.txt,https://www.cms.gov/medicare/coverage/prescription-drug-coverage/medicare-glp-1-bridge,2026-10-03,13d94724eafe1ea0066fd8708f6416fbf1c32090948c1b123d4f9a94e9110a72,"B4 Medicare GLP-1 Bridge: dates, copay, criteria"
cms_medicare_glp1_bridge_launch_press_release.html,https://www.cms.gov/newsroom/press-releases/cms-launches-medicare-glp-1-bridge-expanding-access-glp-1-medications,2026-10-03,cb7d19b3f2b90d51ec01cb87897e9f574f76bb63c59232a1d994ac3526782a31,B4 Bridge launch 2026-07-01
cms_medicare_glp1_bridge_launch_press_release.txt,https://www.cms.gov/newsroom/press-releases/cms-launches-medicare-glp-1-bridge-expanding-access-glp-1-medications,2026-10-03,3f8b143dabf60c6323f0454c10a32225aef925edea3f716177888db3f9c3ada7,B4 Bridge launch 2026-07-01
cms_medicare_glp1_bridge_prescribers.pdf,https://www.cms.gov/medicare/coverage/prescription-drug-coverage/medicare-glp-1-bridge,2026-10-03,ebe5d2c442f37412c644d8b0c642433a96df1dc3539de7c703068eacac660d49,B4 Bridge clinical criteria for prescribers
cms_medicare_glp1_bridge_prescribers.txt,https://www.cms.gov/medicare/coverage/prescription-drug-coverage/medicare-glp-1-bridge,2026-10-03,a014dcfe44307d9952f9b7e359309a067f44c78e4276ee3227220da001ffa4d1,B4 Bridge clinical criteria for prescribers
