quarter_label,never_covered_mean_imputed,never_covered_mean_observed
2018Q1,0,0
2018Q2,0,0
2018Q3,0,0
2018Q4,0,0
2019Q1,0,0
2019Q2,0,0
2019Q3,0,0
2019Q4,0,0
2020Q1,0,0
2020Q2,0,0
2020Q3,0,0
2020Q4,0,0
2021Q1,0,0
2021Q2,1e-4,0
2021Q3,0.002,9e-4
2021Q4,0.0021,0.0013
2022Q1,0.0042,0.0028
2022Q2,0.0067,0.0047
2022Q3,0.0084,0.0076
2022Q4,0.0024,0.0013
2023Q1,0.0287,0.0257
2023Q2,0.0387,0.0353
2023Q3,0.0363,0.0317
2023Q4,0.0221,0.0158
2024Q1,0.0178,0.0102
2024Q2,0.038,0.0241
2024Q3,0.0897,0.0643
2024Q4,0.1576,0.1255
2025Q1,0.2715,0.21560000000000001
2025Q2,0.5847,0.5347
2025Q3,1.0045,0.9496
2025Q4,1.4608,1.3938
2026Q1,2.0379,1.9898
