state_code,quarter_label,rate,coverage_active,is_preliminary
AK,2018Q1,0,FALSE,FALSE
AK,2018Q2,0,FALSE,FALSE
AK,2018Q3,0,FALSE,FALSE
AK,2018Q4,0,FALSE,FALSE
AK,2019Q1,0,FALSE,FALSE
AK,2019Q2,0,FALSE,FALSE
AK,2019Q3,0,FALSE,FALSE
AK,2019Q4,0,FALSE,FALSE
AK,2020Q1,0,FALSE,FALSE
AK,2020Q2,0,FALSE,FALSE
AK,2020Q3,0,FALSE,FALSE
AK,2020Q4,0,FALSE,FALSE
AK,2021Q1,0,FALSE,FALSE
AK,2021Q2,0,FALSE,FALSE
AK,2021Q3,0,FALSE,FALSE
AK,2021Q4,0,FALSE,FALSE
AK,2022Q1,0,FALSE,FALSE
AK,2022Q2,0,FALSE,FALSE
AK,2022Q3,0,FALSE,FALSE
AK,2022Q4,0,FALSE,FALSE
AK,2023Q1,0,FALSE,FALSE
AK,2023Q2,0,FALSE,FALSE
AK,2023Q3,0,FALSE,FALSE
AK,2023Q4,0,FALSE,FALSE
AK,2024Q1,0,FALSE,FALSE
AK,2024Q2,0,FALSE,FALSE
AK,2024Q3,0,FALSE,FALSE
AK,2024Q4,0,FALSE,FALSE
AK,2025Q1,0.174,FALSE,FALSE
AK,2025Q2,0.904,FALSE,FALSE
AK,2025Q3,1.779,FALSE,FALSE
AK,2025Q4,3.523,FALSE,FALSE
AK,2026Q1,4.426,FALSE,TRUE
AL,2018Q1,0,FALSE,FALSE
AL,2018Q2,0,FALSE,FALSE
AL,2018Q3,0,FALSE,FALSE
AL,2018Q4,0,FALSE,FALSE
AL,2019Q1,0,FALSE,FALSE
AL,2019Q2,0,FALSE,FALSE
AL,2019Q3,0,FALSE,FALSE
AL,2019Q4,0,FALSE,FALSE
AL,2020Q1,0,FALSE,FALSE
AL,2020Q2,0,FALSE,FALSE
AL,2020Q3,0,FALSE,FALSE
AL,2020Q4,0,FALSE,FALSE
AL,2021Q1,0,FALSE,FALSE
AL,2021Q2,0,FALSE,FALSE
AL,2021Q3,0,FALSE,FALSE
AL,2021Q4,0,FALSE,FALSE
AL,2022Q1,0,FALSE,FALSE
AL,2022Q2,0,FALSE,FALSE
AL,2022Q3,0,FALSE,FALSE
AL,2022Q4,0,FALSE,FALSE
AL,2023Q1,0,FALSE,FALSE
AL,2023Q2,0,FALSE,FALSE
AL,2023Q3,0,FALSE,FALSE
AL,2023Q4,0,FALSE,FALSE
AL,2024Q1,0,FALSE,FALSE
AL,2024Q2,0,FALSE,FALSE
AL,2024Q3,0,FALSE,FALSE
AL,2024Q4,0.027,FALSE,FALSE
AL,2025Q1,0.056,FALSE,FALSE
AL,2025Q2,0.295,FALSE,FALSE
AL,2025Q3,0.607,FALSE,FALSE
AL,2025Q4,0.986,FALSE,FALSE
AL,2026Q1,1.433,FALSE,TRUE
AR,2018Q1,0,FALSE,FALSE
AR,2018Q2,0,FALSE,FALSE
AR,2018Q3,0,FALSE,FALSE
AR,2018Q4,0,FALSE,FALSE
AR,2019Q1,0,FALSE,FALSE
AR,2019Q2,0,FALSE,FALSE
AR,2019Q3,0,FALSE,FALSE
AR,2019Q4,0,FALSE,FALSE
AR,2020Q1,0,FALSE,FALSE
AR,2020Q2,0,FALSE,FALSE
AR,2020Q3,0,FALSE,FALSE
AR,2020Q4,0,FALSE,FALSE
AR,2021Q1,0,FALSE,FALSE
AR,2021Q2,0,FALSE,FALSE
AR,2021Q3,0,FALSE,FALSE
AR,2021Q4,0,FALSE,FALSE
AR,2022Q1,0,FALSE,FALSE
AR,2022Q2,0,FALSE,FALSE
AR,2022Q3,0,FALSE,FALSE
AR,2022Q4,0,FALSE,FALSE
AR,2023Q1,0,FALSE,FALSE
AR,2023Q2,0,FALSE,FALSE
AR,2023Q3,0,FALSE,FALSE
AR,2023Q4,0,FALSE,FALSE
AR,2024Q1,0,FALSE,FALSE
AR,2024Q2,0,FALSE,FALSE
AR,2024Q3,0,FALSE,FALSE
AR,2024Q4,0,FALSE,FALSE
AR,2025Q1,0,FALSE,FALSE
AR,2025Q2,0.057,FALSE,FALSE
AR,2025Q3,0.086,FALSE,FALSE
AR,2025Q4,0.11,FALSE,FALSE
AR,2026Q1,0.177,FALSE,TRUE
AZ,2018Q1,0,FALSE,FALSE
AZ,2018Q2,0,FALSE,FALSE
AZ,2018Q3,0,FALSE,FALSE
AZ,2018Q4,0,FALSE,FALSE
AZ,2019Q1,0,FALSE,FALSE
AZ,2019Q2,0,FALSE,FALSE
AZ,2019Q3,0,FALSE,FALSE
AZ,2019Q4,0,FALSE,FALSE
AZ,2020Q1,0,FALSE,FALSE
AZ,2020Q2,0,FALSE,FALSE
AZ,2020Q3,0,FALSE,FALSE
AZ,2020Q4,0,FALSE,FALSE
AZ,2021Q1,0,FALSE,FALSE
AZ,2021Q2,0,FALSE,FALSE
AZ,2021Q3,0.013,FALSE,FALSE
AZ,2021Q4,0.045,FALSE,FALSE
AZ,2022Q1,0.089,FALSE,FALSE
AZ,2022Q2,0.076,FALSE,FALSE
AZ,2022Q3,0.052,FALSE,FALSE
AZ,2022Q4,0.04,FALSE,FALSE
AZ,2023Q1,0.1,FALSE,FALSE
AZ,2023Q2,0.155,FALSE,FALSE
AZ,2023Q3,0.122,FALSE,FALSE
AZ,2023Q4,0.085,FALSE,FALSE
AZ,2024Q1,0.064,FALSE,FALSE
AZ,2024Q2,0.093,FALSE,FALSE
AZ,2024Q3,0.117,FALSE,FALSE
AZ,2024Q4,0.123,FALSE,FALSE
AZ,2025Q1,0.104,FALSE,FALSE
AZ,2025Q2,0.119,FALSE,FALSE
AZ,2025Q3,0.145,FALSE,FALSE
AZ,2025Q4,0.152,FALSE,FALSE
AZ,2026Q1,0.085,FALSE,TRUE
CA,2018Q1,0,FALSE,FALSE
CA,2018Q2,0,FALSE,FALSE
CA,2018Q3,0,FALSE,FALSE
CA,2018Q4,0,FALSE,FALSE
CA,2019Q1,0,FALSE,FALSE
CA,2019Q2,0,FALSE,FALSE
CA,2019Q3,0,FALSE,FALSE
CA,2019Q4,0,FALSE,FALSE
CA,2020Q1,0,FALSE,FALSE
CA,2020Q2,0,FALSE,FALSE
CA,2020Q3,0,FALSE,FALSE
CA,2020Q4,0,FALSE,FALSE
CA,2021Q1,0,FALSE,FALSE
CA,2021Q2,0,FALSE,FALSE
CA,2021Q3,0.018,FALSE,FALSE
CA,2021Q4,0.078,FALSE,FALSE
CA,2022Q1,0.191,FALSE,FALSE
CA,2022Q2,0.383,FALSE,FALSE
CA,2022Q3,0.354,FALSE,FALSE
CA,2022Q4,0.313,FALSE,FALSE
CA,2023Q1,1.802,TRUE,FALSE
CA,2023Q2,3.973,TRUE,FALSE
CA,2023Q3,4.566,TRUE,FALSE
CA,2023Q4,3.566,TRUE,FALSE
CA,2024Q1,5.185,TRUE,FALSE
CA,2024Q2,8.151,TRUE,FALSE
CA,2024Q3,18.321,TRUE,FALSE
CA,2024Q4,19.226,TRUE,FALSE
CA,2025Q1,25.121,TRUE,FALSE
CA,2025Q2,26.979,TRUE,FALSE
CA,2025Q3,45.097,TRUE,FALSE
CA,2025Q4,44.691,TRUE,FALSE
CA,2026Q1,11.32,FALSE,TRUE
CO,2018Q1,0,FALSE,FALSE
CO,2018Q2,0,FALSE,FALSE
CO,2018Q3,0,FALSE,FALSE
CO,2018Q4,0,FALSE,FALSE
CO,2019Q1,0,FALSE,FALSE
CO,2019Q2,0,FALSE,FALSE
CO,2019Q3,0,FALSE,FALSE
CO,2019Q4,0,FALSE,FALSE
CO,2020Q1,0,FALSE,FALSE
CO,2020Q2,0,FALSE,FALSE
CO,2020Q3,0,FALSE,FALSE
CO,2020Q4,0,FALSE,FALSE
CO,2021Q1,0,FALSE,FALSE
CO,2021Q2,0,FALSE,FALSE
CO,2021Q3,0,FALSE,FALSE
CO,2021Q4,0,FALSE,FALSE
CO,2022Q1,0,FALSE,FALSE
CO,2022Q2,0,FALSE,FALSE
CO,2022Q3,0,FALSE,FALSE
CO,2022Q4,0,FALSE,FALSE
CO,2023Q1,0,FALSE,FALSE
CO,2023Q2,0,FALSE,FALSE
CO,2023Q3,0,FALSE,FALSE
CO,2023Q4,0,FALSE,FALSE
CO,2024Q1,0,FALSE,FALSE
CO,2024Q2,0.126,FALSE,FALSE
CO,2024Q3,0.477,FALSE,FALSE
CO,2024Q4,0.658,FALSE,FALSE
CO,2025Q1,1.329,FALSE,FALSE
CO,2025Q2,2.818,FALSE,FALSE
CO,2025Q3,3.966,FALSE,FALSE
CO,2025Q4,5.331,FALSE,FALSE
CO,2026Q1,6.902,FALSE,TRUE
CT,2018Q1,0,FALSE,FALSE
CT,2018Q2,0,FALSE,FALSE
CT,2018Q3,0,FALSE,FALSE
CT,2018Q4,0,FALSE,FALSE
CT,2019Q1,0,FALSE,FALSE
CT,2019Q2,0,FALSE,FALSE
CT,2019Q3,0,FALSE,FALSE
CT,2019Q4,0,FALSE,FALSE
CT,2020Q1,0,FALSE,FALSE
CT,2020Q2,0,FALSE,FALSE
CT,2020Q3,0,FALSE,FALSE
CT,2020Q4,0,FALSE,FALSE
CT,2021Q1,0,FALSE,FALSE
CT,2021Q2,0,FALSE,FALSE
CT,2021Q3,0.017,FALSE,FALSE
CT,2021Q4,0,FALSE,FALSE
CT,2022Q1,0,FALSE,FALSE
CT,2022Q2,0,FALSE,FALSE
CT,2022Q3,0,FALSE,FALSE
CT,2022Q4,0,FALSE,FALSE
CT,2023Q1,0,FALSE,FALSE
CT,2023Q2,0,FALSE,FALSE
CT,2023Q3,0,FALSE,FALSE
CT,2023Q4,0,FALSE,FALSE
CT,2024Q1,0,FALSE,FALSE
CT,2024Q2,0,FALSE,FALSE
CT,2024Q3,0,FALSE,FALSE
CT,2024Q4,0.028,FALSE,FALSE
CT,2025Q1,0.094,FALSE,FALSE
CT,2025Q2,0.507,FALSE,FALSE
CT,2025Q3,1.678,FALSE,FALSE
CT,2025Q4,3.895,FALSE,FALSE
CT,2026Q1,5.637,FALSE,TRUE
DC,2018Q1,0,FALSE,FALSE
DC,2018Q2,0,FALSE,FALSE
DC,2018Q3,0,FALSE,FALSE
DC,2018Q4,0,FALSE,FALSE
DC,2019Q1,0,FALSE,FALSE
DC,2019Q2,0,FALSE,FALSE
DC,2019Q3,0,FALSE,FALSE
DC,2019Q4,0,FALSE,FALSE
DC,2020Q1,0,FALSE,FALSE
DC,2020Q2,0,FALSE,FALSE
DC,2020Q3,0,FALSE,FALSE
DC,2020Q4,0,FALSE,FALSE
DC,2021Q1,0,FALSE,FALSE
DC,2021Q2,0,FALSE,FALSE
DC,2021Q3,0,FALSE,FALSE
DC,2021Q4,0,FALSE,FALSE
DC,2022Q1,0,FALSE,FALSE
DC,2022Q2,0,FALSE,FALSE
DC,2022Q3,0,FALSE,FALSE
DC,2022Q4,0,FALSE,FALSE
DC,2023Q1,0,FALSE,FALSE
DC,2023Q2,0,FALSE,FALSE
DC,2023Q3,0,FALSE,FALSE
DC,2023Q4,0,FALSE,FALSE
DC,2024Q1,0,FALSE,FALSE
DC,2024Q2,0,FALSE,FALSE
DC,2024Q3,0.07,FALSE,FALSE
DC,2024Q4,0.108,FALSE,FALSE
DC,2025Q1,0.346,FALSE,FALSE
DC,2025Q2,0.551,FALSE,FALSE
DC,2025Q3,0.611,FALSE,FALSE
DC,2025Q4,0.709,FALSE,FALSE
DC,2026Q1,1.363,FALSE,TRUE
DE,2018Q1,0,FALSE,FALSE
DE,2018Q2,0,FALSE,FALSE
DE,2018Q3,0,FALSE,FALSE
DE,2018Q4,0,FALSE,FALSE
DE,2019Q1,0,FALSE,FALSE
DE,2019Q2,0,FALSE,FALSE
DE,2019Q3,0,FALSE,FALSE
DE,2019Q4,0,FALSE,FALSE
DE,2020Q1,0,FALSE,FALSE
DE,2020Q2,0,FALSE,FALSE
DE,2020Q3,0,FALSE,FALSE
DE,2020Q4,0,FALSE,FALSE
DE,2021Q1,0,FALSE,FALSE
DE,2021Q2,0,FALSE,FALSE
DE,2021Q3,0.046,FALSE,FALSE
DE,2021Q4,0.593,FALSE,FALSE
DE,2022Q1,1.113,FALSE,FALSE
DE,2022Q2,1.022,FALSE,FALSE
DE,2022Q3,0.693,TRUE,FALSE
DE,2022Q4,0.549,TRUE,FALSE
DE,2023Q1,2.748,TRUE,FALSE
DE,2023Q2,4.828,TRUE,FALSE
DE,2023Q3,3.085,TRUE,FALSE
DE,2023Q4,2.781,TRUE,FALSE
DE,2024Q1,5.517,TRUE,FALSE
DE,2024Q2,11.588,TRUE,FALSE
DE,2024Q3,17.615,TRUE,FALSE
DE,2024Q4,20.675,TRUE,FALSE
DE,2025Q1,26.947,TRUE,FALSE
DE,2025Q2,32.398,TRUE,FALSE
DE,2025Q3,36.297,TRUE,FALSE
DE,2025Q4,41.018,TRUE,FALSE
DE,2026Q1,23.53,TRUE,TRUE
FL,2018Q1,0,FALSE,FALSE
FL,2018Q2,0,FALSE,FALSE
FL,2018Q3,0,FALSE,FALSE
FL,2018Q4,0,FALSE,FALSE
FL,2019Q1,0,FALSE,FALSE
FL,2019Q2,0,FALSE,FALSE
FL,2019Q3,0,FALSE,FALSE
FL,2019Q4,0,FALSE,FALSE
FL,2020Q1,0,FALSE,FALSE
FL,2020Q2,0,FALSE,FALSE
FL,2020Q3,0,FALSE,FALSE
FL,2020Q4,0,FALSE,FALSE
FL,2021Q1,0,FALSE,FALSE
FL,2021Q2,0,FALSE,FALSE
FL,2021Q3,0,FALSE,FALSE
FL,2021Q4,0,FALSE,FALSE
FL,2022Q1,0,FALSE,FALSE
FL,2022Q2,0,FALSE,FALSE
FL,2022Q3,0,FALSE,FALSE
FL,2022Q4,0,FALSE,FALSE
FL,2023Q1,0.007,FALSE,FALSE
FL,2023Q2,0.021,FALSE,FALSE
FL,2023Q3,0.01,FALSE,FALSE
FL,2023Q4,0.003,FALSE,FALSE
FL,2024Q1,0.003,FALSE,FALSE
FL,2024Q2,0.004,FALSE,FALSE
FL,2024Q3,0.03,FALSE,FALSE
FL,2024Q4,0.042,FALSE,FALSE
FL,2025Q1,0.06,FALSE,FALSE
FL,2025Q2,0.077,FALSE,FALSE
FL,2025Q3,0.081,FALSE,FALSE
FL,2025Q4,0.116,FALSE,FALSE
FL,2026Q1,0.188,FALSE,TRUE
GA,2018Q1,0,FALSE,FALSE
GA,2018Q2,0,FALSE,FALSE
GA,2018Q3,0,FALSE,FALSE
GA,2018Q4,0,FALSE,FALSE
GA,2019Q1,0,FALSE,FALSE
GA,2019Q2,0,FALSE,FALSE
GA,2019Q3,0,FALSE,FALSE
GA,2019Q4,0,FALSE,FALSE
GA,2020Q1,0,FALSE,FALSE
GA,2020Q2,0,FALSE,FALSE
GA,2020Q3,0,FALSE,FALSE
GA,2020Q4,0,FALSE,FALSE
GA,2021Q1,0,FALSE,FALSE
GA,2021Q2,0,FALSE,FALSE
GA,2021Q3,0,FALSE,FALSE
GA,2021Q4,0,FALSE,FALSE
GA,2022Q1,0,FALSE,FALSE
GA,2022Q2,0,FALSE,FALSE
GA,2022Q3,0,FALSE,FALSE
GA,2022Q4,0,FALSE,FALSE
GA,2023Q1,0,FALSE,FALSE
GA,2023Q2,0.017,FALSE,FALSE
GA,2023Q3,0.007,FALSE,FALSE
GA,2023Q4,0,FALSE,FALSE
GA,2024Q1,0,FALSE,FALSE
GA,2024Q2,0.009,FALSE,FALSE
GA,2024Q3,0.03,FALSE,FALSE
GA,2024Q4,0.063,FALSE,FALSE
GA,2025Q1,0.12,FALSE,FALSE
GA,2025Q2,0.173,FALSE,FALSE
GA,2025Q3,0.255,FALSE,FALSE
GA,2025Q4,0.346,FALSE,FALSE
GA,2026Q1,0.427,FALSE,TRUE
HI,2018Q1,0,FALSE,FALSE
HI,2018Q2,0,FALSE,FALSE
HI,2018Q3,0,FALSE,FALSE
HI,2018Q4,0,FALSE,FALSE
HI,2019Q1,0,FALSE,FALSE
HI,2019Q2,0,FALSE,FALSE
HI,2019Q3,0,FALSE,FALSE
HI,2019Q4,0,FALSE,FALSE
HI,2020Q1,0,FALSE,FALSE
HI,2020Q2,0,FALSE,FALSE
HI,2020Q3,0,FALSE,FALSE
HI,2020Q4,0,FALSE,FALSE
HI,2021Q1,0,FALSE,FALSE
HI,2021Q2,0,FALSE,FALSE
HI,2021Q3,0,FALSE,FALSE
HI,2021Q4,0,FALSE,FALSE
HI,2022Q1,0,FALSE,FALSE
HI,2022Q2,0.083,FALSE,FALSE
HI,2022Q3,0.207,FALSE,FALSE
HI,2022Q4,0,FALSE,FALSE
HI,2023Q1,0.687,FALSE,FALSE
HI,2023Q2,0.966,FALSE,FALSE
HI,2023Q3,0.933,FALSE,FALSE
HI,2023Q4,0.427,FALSE,FALSE
HI,2024Q1,0.254,FALSE,FALSE
HI,2024Q2,0.313,FALSE,FALSE
HI,2024Q3,0.441,FALSE,FALSE
HI,2024Q4,0.482,FALSE,FALSE
HI,2025Q1,0.171,FALSE,FALSE
HI,2025Q2,0.166,FALSE,FALSE
HI,2025Q3,0.103,FALSE,FALSE
HI,2025Q4,0.217,FALSE,FALSE
HI,2026Q1,0.215,FALSE,TRUE
IA,2018Q1,0,FALSE,FALSE
IA,2018Q2,0,FALSE,FALSE
IA,2018Q3,0,FALSE,FALSE
IA,2018Q4,0,FALSE,FALSE
IA,2019Q1,0,FALSE,FALSE
IA,2019Q2,0,FALSE,FALSE
IA,2019Q3,0,FALSE,FALSE
IA,2019Q4,0,FALSE,FALSE
IA,2020Q1,0,FALSE,FALSE
IA,2020Q2,0,FALSE,FALSE
IA,2020Q3,0,FALSE,FALSE
IA,2020Q4,0,FALSE,FALSE
IA,2021Q1,0,FALSE,FALSE
IA,2021Q2,0,FALSE,FALSE
IA,2021Q3,0,FALSE,FALSE
IA,2021Q4,0,FALSE,FALSE
IA,2022Q1,0,FALSE,FALSE
IA,2022Q2,0,FALSE,FALSE
IA,2022Q3,0,FALSE,FALSE
IA,2022Q4,0,FALSE,FALSE
IA,2023Q1,0,FALSE,FALSE
IA,2023Q2,0,FALSE,FALSE
IA,2023Q3,0,FALSE,FALSE
IA,2023Q4,0,FALSE,FALSE
IA,2024Q1,0,FALSE,FALSE
IA,2024Q2,0,FALSE,FALSE
IA,2024Q3,0.074,FALSE,FALSE
IA,2024Q4,0.17,FALSE,FALSE
IA,2025Q1,0.723,FALSE,FALSE
IA,2025Q2,1.899,FALSE,FALSE
IA,2025Q3,3.212,FALSE,FALSE
IA,2025Q4,4.536,FALSE,FALSE
IA,2026Q1,4.791,FALSE,TRUE
ID,2018Q1,0,FALSE,FALSE
ID,2018Q2,0,FALSE,FALSE
ID,2018Q3,0,FALSE,FALSE
ID,2018Q4,0,FALSE,FALSE
ID,2019Q1,0,FALSE,FALSE
ID,2019Q2,0,FALSE,FALSE
ID,2019Q3,0,FALSE,FALSE
ID,2019Q4,0,FALSE,FALSE
ID,2020Q1,0,FALSE,FALSE
ID,2020Q2,0,FALSE,FALSE
ID,2020Q3,0,FALSE,FALSE
ID,2020Q4,0,FALSE,FALSE
ID,2021Q1,0,FALSE,FALSE
ID,2021Q2,0,FALSE,FALSE
ID,2021Q3,0,FALSE,FALSE
ID,2021Q4,0,FALSE,FALSE
ID,2022Q1,0,FALSE,FALSE
ID,2022Q2,0,FALSE,FALSE
ID,2022Q3,0,FALSE,FALSE
ID,2022Q4,0,FALSE,FALSE
ID,2023Q1,0,FALSE,FALSE
ID,2023Q2,0,FALSE,FALSE
ID,2023Q3,0,FALSE,FALSE
ID,2023Q4,0,FALSE,FALSE
ID,2024Q1,0,FALSE,FALSE
ID,2024Q2,0,FALSE,FALSE
ID,2024Q3,0.094,FALSE,FALSE
ID,2024Q4,0.379,FALSE,FALSE
ID,2025Q1,0.586,FALSE,FALSE
ID,2025Q2,1.316,FALSE,FALSE
ID,2025Q3,2.884,FALSE,FALSE
ID,2025Q4,2.956,FALSE,FALSE
ID,2026Q1,3.963,FALSE,TRUE
IL,2018Q1,0,FALSE,FALSE
IL,2018Q2,0,FALSE,FALSE
IL,2018Q3,0,FALSE,FALSE
IL,2018Q4,0,FALSE,FALSE
IL,2019Q1,0,FALSE,FALSE
IL,2019Q2,0,FALSE,FALSE
IL,2019Q3,0,FALSE,FALSE
IL,2019Q4,0,FALSE,FALSE
IL,2020Q1,0,FALSE,FALSE
IL,2020Q2,0,FALSE,FALSE
IL,2020Q3,0,FALSE,FALSE
IL,2020Q4,0,FALSE,FALSE
IL,2021Q1,0,FALSE,FALSE
IL,2021Q2,0,FALSE,FALSE
IL,2021Q3,0,FALSE,FALSE
IL,2021Q4,0,FALSE,FALSE
IL,2022Q1,0,FALSE,FALSE
IL,2022Q2,0,FALSE,FALSE
IL,2022Q3,0,FALSE,FALSE
IL,2022Q4,0,FALSE,FALSE
IL,2023Q1,0,FALSE,FALSE
IL,2023Q2,0,FALSE,FALSE
IL,2023Q3,0,FALSE,FALSE
IL,2023Q4,0,FALSE,FALSE
IL,2024Q1,0,FALSE,FALSE
IL,2024Q2,0,FALSE,FALSE
IL,2024Q3,0.018,FALSE,FALSE
IL,2024Q4,0.042,FALSE,FALSE
IL,2025Q1,0.095,FALSE,FALSE
IL,2025Q2,0.2,FALSE,FALSE
IL,2025Q3,0.321,FALSE,FALSE
IL,2025Q4,0.478,FALSE,FALSE
IL,2026Q1,0.375,FALSE,TRUE
IN,2018Q1,0,FALSE,FALSE
IN,2018Q2,0,FALSE,FALSE
IN,2018Q3,0,FALSE,FALSE
IN,2018Q4,0,FALSE,FALSE
IN,2019Q1,0,FALSE,FALSE
IN,2019Q2,0,FALSE,FALSE
IN,2019Q3,0,FALSE,FALSE
IN,2019Q4,0,FALSE,FALSE
IN,2020Q1,0,FALSE,FALSE
IN,2020Q2,0,FALSE,FALSE
IN,2020Q3,0,FALSE,FALSE
IN,2020Q4,0,FALSE,FALSE
IN,2021Q1,0,FALSE,FALSE
IN,2021Q2,0,FALSE,FALSE
IN,2021Q3,0,FALSE,FALSE
IN,2021Q4,0,FALSE,FALSE
IN,2022Q1,0,FALSE,FALSE
IN,2022Q2,0,FALSE,FALSE
IN,2022Q3,0,FALSE,FALSE
IN,2022Q4,0,FALSE,FALSE
IN,2023Q1,0,FALSE,FALSE
IN,2023Q2,0,FALSE,FALSE
IN,2023Q3,0,FALSE,FALSE
IN,2023Q4,0,FALSE,FALSE
IN,2024Q1,0,FALSE,FALSE
IN,2024Q2,0.075,FALSE,FALSE
IN,2024Q3,0.184,FALSE,FALSE
IN,2024Q4,0.285,FALSE,FALSE
IN,2025Q1,0.362,FALSE,FALSE
IN,2025Q2,0.776,FALSE,FALSE
IN,2025Q3,1.867,FALSE,FALSE
IN,2025Q4,2.885,FALSE,FALSE
IN,2026Q1,4.3,FALSE,TRUE
KS,2018Q1,0,FALSE,FALSE
KS,2018Q2,0,FALSE,FALSE
KS,2018Q3,0,FALSE,FALSE
KS,2018Q4,0,FALSE,FALSE
KS,2019Q1,0,FALSE,FALSE
KS,2019Q2,0,FALSE,FALSE
KS,2019Q3,0,FALSE,FALSE
KS,2019Q4,0,FALSE,FALSE
KS,2020Q1,0,FALSE,FALSE
KS,2020Q2,0,FALSE,FALSE
KS,2020Q3,0,FALSE,FALSE
KS,2020Q4,0,FALSE,FALSE
KS,2021Q1,0,FALSE,FALSE
KS,2021Q2,0,FALSE,FALSE
KS,2021Q3,0,TRUE,FALSE
KS,2021Q4,0.373,TRUE,FALSE
KS,2022Q1,0.782,TRUE,FALSE
KS,2022Q2,0.88,TRUE,FALSE
KS,2022Q3,0.815,TRUE,FALSE
KS,2022Q4,0.828,TRUE,FALSE
KS,2023Q1,3.743,TRUE,FALSE
KS,2023Q2,6.747,TRUE,FALSE
KS,2023Q3,5.687,TRUE,FALSE
KS,2023Q4,4.142,TRUE,FALSE
KS,2024Q1,4.543,TRUE,FALSE
KS,2024Q2,8.302,TRUE,FALSE
KS,2024Q3,11.482,TRUE,FALSE
KS,2024Q4,15.761,TRUE,FALSE
KS,2025Q1,18.958,TRUE,FALSE
KS,2025Q2,23.65,TRUE,FALSE
KS,2025Q3,26.506,TRUE,FALSE
KS,2025Q4,28.578,TRUE,FALSE
KS,2026Q1,18.108,TRUE,TRUE
KY,2018Q1,0,FALSE,FALSE
KY,2018Q2,0,FALSE,FALSE
KY,2018Q3,0,FALSE,FALSE
KY,2018Q4,0,FALSE,FALSE
KY,2019Q1,0,FALSE,FALSE
KY,2019Q2,0,FALSE,FALSE
KY,2019Q3,0,FALSE,FALSE
KY,2019Q4,0,FALSE,FALSE
KY,2020Q1,0,FALSE,FALSE
KY,2020Q2,0,FALSE,FALSE
KY,2020Q3,0,FALSE,FALSE
KY,2020Q4,0,FALSE,FALSE
KY,2021Q1,0,FALSE,FALSE
KY,2021Q2,0,FALSE,FALSE
KY,2021Q3,0,FALSE,FALSE
KY,2021Q4,0,FALSE,FALSE
KY,2022Q1,0,FALSE,FALSE
KY,2022Q2,0,FALSE,FALSE
KY,2022Q3,0,FALSE,FALSE
KY,2022Q4,0,FALSE,FALSE
KY,2023Q1,0,FALSE,FALSE
KY,2023Q2,0,FALSE,FALSE
KY,2023Q3,0,FALSE,FALSE
KY,2023Q4,0,FALSE,FALSE
KY,2024Q1,0,FALSE,FALSE
KY,2024Q2,0,FALSE,FALSE
KY,2024Q3,0.017,FALSE,FALSE
KY,2024Q4,0.072,FALSE,FALSE
KY,2025Q1,0.109,FALSE,FALSE
KY,2025Q2,0.258,FALSE,FALSE
KY,2025Q3,0.839,FALSE,FALSE
KY,2025Q4,1.467,FALSE,FALSE
KY,2026Q1,1.594,FALSE,TRUE
LA,2018Q1,0,FALSE,FALSE
LA,2018Q2,0,FALSE,FALSE
LA,2018Q3,0,FALSE,FALSE
LA,2018Q4,0,FALSE,FALSE
LA,2019Q1,0,FALSE,FALSE
LA,2019Q2,0,FALSE,FALSE
LA,2019Q3,0,FALSE,FALSE
LA,2019Q4,0,FALSE,FALSE
LA,2020Q1,0,FALSE,FALSE
LA,2020Q2,0,FALSE,FALSE
LA,2020Q3,0,FALSE,FALSE
LA,2020Q4,0,FALSE,FALSE
LA,2021Q1,0,FALSE,FALSE
LA,2021Q2,0,FALSE,FALSE
LA,2021Q3,0,FALSE,FALSE
LA,2021Q4,0,FALSE,FALSE
LA,2022Q1,0,FALSE,FALSE
LA,2022Q2,0,FALSE,FALSE
LA,2022Q3,0,FALSE,FALSE
LA,2022Q4,0,FALSE,FALSE
LA,2023Q1,0,FALSE,FALSE
LA,2023Q2,0,FALSE,FALSE
LA,2023Q3,0,FALSE,FALSE
LA,2023Q4,0.012,FALSE,FALSE
LA,2024Q1,0,FALSE,FALSE
LA,2024Q2,0.008,FALSE,FALSE
LA,2024Q3,0.075,FALSE,FALSE
LA,2024Q4,0.142,FALSE,FALSE
LA,2025Q1,0.208,FALSE,FALSE
LA,2025Q2,0.279,FALSE,FALSE
LA,2025Q3,0.344,FALSE,FALSE
LA,2025Q4,0.838,FALSE,FALSE
LA,2026Q1,0.996,FALSE,TRUE
MA,2018Q1,0,FALSE,FALSE
MA,2018Q2,0,FALSE,FALSE
MA,2018Q3,0,FALSE,FALSE
MA,2018Q4,0,FALSE,FALSE
MA,2019Q1,0,FALSE,FALSE
MA,2019Q2,0,FALSE,FALSE
MA,2019Q3,0,FALSE,FALSE
MA,2019Q4,0,FALSE,FALSE
MA,2020Q1,0,FALSE,FALSE
MA,2020Q2,0,FALSE,FALSE
MA,2020Q3,0,FALSE,FALSE
MA,2020Q4,0,FALSE,FALSE
MA,2021Q1,0,FALSE,FALSE
MA,2021Q2,0,FALSE,FALSE
MA,2021Q3,0,FALSE,FALSE
MA,2021Q4,0,FALSE,FALSE
MA,2022Q1,0,FALSE,FALSE
MA,2022Q2,0,FALSE,FALSE
MA,2022Q3,0,FALSE,FALSE
MA,2022Q4,0,FALSE,FALSE
MA,2023Q1,0,FALSE,FALSE
MA,2023Q2,0,FALSE,FALSE
MA,2023Q3,0,FALSE,FALSE
MA,2023Q4,0,FALSE,FALSE
MA,2024Q1,1.216,TRUE,FALSE
MA,2024Q2,7.101,TRUE,FALSE
MA,2024Q3,17.602,TRUE,FALSE
MA,2024Q4,26.108,TRUE,FALSE
MA,2025Q1,31.202,TRUE,FALSE
MA,2025Q2,38.035,TRUE,FALSE
MA,2025Q3,40.855,TRUE,FALSE
MA,2025Q4,42.575,TRUE,FALSE
MA,2026Q1,39.704,TRUE,TRUE
MD,2018Q1,0,FALSE,FALSE
MD,2018Q2,0,FALSE,FALSE
MD,2018Q3,0,FALSE,FALSE
MD,2018Q4,0,FALSE,FALSE
MD,2019Q1,0,FALSE,FALSE
MD,2019Q2,0,FALSE,FALSE
MD,2019Q3,0,FALSE,FALSE
MD,2019Q4,0,FALSE,FALSE
MD,2020Q1,0,FALSE,FALSE
MD,2020Q2,0,FALSE,FALSE
MD,2020Q3,0,FALSE,FALSE
MD,2020Q4,0,FALSE,FALSE
MD,2021Q1,0,FALSE,FALSE
MD,2021Q2,0,FALSE,FALSE
MD,2021Q3,0,FALSE,FALSE
MD,2021Q4,0,FALSE,FALSE
MD,2022Q1,0,FALSE,FALSE
MD,2022Q2,0,FALSE,FALSE
MD,2022Q3,0,FALSE,FALSE
MD,2022Q4,0,FALSE,FALSE
MD,2023Q1,0,FALSE,FALSE
MD,2023Q2,0,FALSE,FALSE
MD,2023Q3,0,FALSE,FALSE
MD,2023Q4,0,FALSE,FALSE
MD,2024Q1,0,FALSE,FALSE
MD,2024Q2,0.013,FALSE,FALSE
MD,2024Q3,0.012,FALSE,FALSE
MD,2024Q4,0.128,FALSE,FALSE
MD,2025Q1,0.17,FALSE,FALSE
MD,2025Q2,0.442,FALSE,FALSE
MD,2025Q3,0.726,FALSE,FALSE
MD,2025Q4,1.16,FALSE,FALSE
MD,2026Q1,1.679,FALSE,TRUE
ME,2018Q1,0,FALSE,FALSE
ME,2018Q2,0,FALSE,FALSE
ME,2018Q3,0,FALSE,FALSE
ME,2018Q4,0,FALSE,FALSE
ME,2019Q1,0,FALSE,FALSE
ME,2019Q2,0,FALSE,FALSE
ME,2019Q3,0,FALSE,FALSE
ME,2019Q4,0,FALSE,FALSE
ME,2020Q1,0,FALSE,FALSE
ME,2020Q2,0,FALSE,FALSE
ME,2020Q3,0,FALSE,FALSE
ME,2020Q4,0,FALSE,FALSE
ME,2021Q1,0,FALSE,FALSE
ME,2021Q2,0,FALSE,FALSE
ME,2021Q3,0,FALSE,FALSE
ME,2021Q4,0,FALSE,FALSE
ME,2022Q1,0,FALSE,FALSE
ME,2022Q2,0,FALSE,FALSE
ME,2022Q3,0,FALSE,FALSE
ME,2022Q4,0,FALSE,FALSE
ME,2023Q1,0,FALSE,FALSE
ME,2023Q2,0,FALSE,FALSE
ME,2023Q3,0,FALSE,FALSE
ME,2023Q4,0,FALSE,FALSE
ME,2024Q1,0,FALSE,FALSE
ME,2024Q2,0,FALSE,FALSE
ME,2024Q3,0.032,FALSE,FALSE
ME,2024Q4,0.293,FALSE,FALSE
ME,2025Q1,0.336,FALSE,FALSE
ME,2025Q2,1.325,FALSE,FALSE
ME,2025Q3,1.677,FALSE,FALSE
ME,2025Q4,2.245,FALSE,FALSE
ME,2026Q1,2.591,FALSE,TRUE
MI,2018Q1,0,FALSE,FALSE
MI,2018Q2,0,FALSE,FALSE
MI,2018Q3,0,FALSE,FALSE
MI,2018Q4,0,FALSE,FALSE
MI,2019Q1,0,FALSE,FALSE
MI,2019Q2,0,FALSE,FALSE
MI,2019Q3,0,FALSE,FALSE
MI,2019Q4,0,FALSE,FALSE
MI,2020Q1,0,FALSE,FALSE
MI,2020Q2,0,FALSE,FALSE
MI,2020Q3,0,FALSE,FALSE
MI,2020Q4,0,FALSE,FALSE
MI,2021Q1,0,FALSE,FALSE
MI,2021Q2,0,FALSE,FALSE
MI,2021Q3,0,FALSE,FALSE
MI,2021Q4,0,FALSE,FALSE
MI,2022Q1,0.225,TRUE,FALSE
MI,2022Q2,0.43,TRUE,FALSE
MI,2022Q3,0.328,TRUE,FALSE
MI,2022Q4,0.43,TRUE,FALSE
MI,2023Q1,3.602,TRUE,FALSE
MI,2023Q2,7.446,TRUE,FALSE
MI,2023Q3,6.588,TRUE,FALSE
MI,2023Q4,6.21,TRUE,FALSE
MI,2024Q1,7.988,TRUE,FALSE
MI,2024Q2,16.167,TRUE,FALSE
MI,2024Q3,23.602,TRUE,FALSE
MI,2024Q4,26.918,TRUE,FALSE
MI,2025Q1,31.519,TRUE,FALSE
MI,2025Q2,38.914,TRUE,FALSE
MI,2025Q3,44.357,TRUE,FALSE
MI,2025Q4,48.988,TRUE,FALSE
MI,2026Q1,37.374,TRUE,TRUE
MN,2018Q1,0,FALSE,FALSE
MN,2018Q2,0,FALSE,FALSE
MN,2018Q3,0,FALSE,FALSE
MN,2018Q4,0,FALSE,FALSE
MN,2019Q1,0,FALSE,FALSE
MN,2019Q2,0,FALSE,FALSE
MN,2019Q3,0,FALSE,FALSE
MN,2019Q4,0,FALSE,FALSE
MN,2020Q1,0,FALSE,FALSE
MN,2020Q2,0,FALSE,FALSE
MN,2020Q3,0,FALSE,FALSE
MN,2020Q4,0,FALSE,FALSE
MN,2021Q1,0,FALSE,FALSE
MN,2021Q2,0,FALSE,FALSE
MN,2021Q3,0,FALSE,FALSE
MN,2021Q4,0.08,FALSE,FALSE
MN,2022Q1,0.336,TRUE,FALSE
MN,2022Q2,0.369,TRUE,FALSE
MN,2022Q3,0.276,TRUE,FALSE
MN,2022Q4,0.331,TRUE,FALSE
MN,2023Q1,2.136,TRUE,FALSE
MN,2023Q2,4.711,TRUE,FALSE
MN,2023Q3,5.24,TRUE,FALSE
MN,2023Q4,5.569,TRUE,FALSE
MN,2024Q1,8.499,TRUE,FALSE
MN,2024Q2,14.262,TRUE,FALSE
MN,2024Q3,19.689,TRUE,FALSE
MN,2024Q4,20.758,TRUE,FALSE
MN,2025Q1,23.335,TRUE,FALSE
MN,2025Q2,25.956,TRUE,FALSE
MN,2025Q3,27.728,TRUE,FALSE
MN,2025Q4,28.419,TRUE,FALSE
MN,2026Q1,22.855,TRUE,TRUE
MO,2018Q1,0,FALSE,FALSE
MO,2018Q2,0,FALSE,FALSE
MO,2018Q3,0,FALSE,FALSE
MO,2018Q4,0,FALSE,FALSE
MO,2019Q1,0,FALSE,FALSE
MO,2019Q2,0,FALSE,FALSE
MO,2019Q3,0,FALSE,FALSE
MO,2019Q4,0,FALSE,FALSE
MO,2020Q1,0,FALSE,FALSE
MO,2020Q2,0,FALSE,FALSE
MO,2020Q3,0,FALSE,FALSE
MO,2020Q4,0,FALSE,FALSE
MO,2021Q1,0,FALSE,FALSE
MO,2021Q2,0,FALSE,FALSE
MO,2021Q3,0,FALSE,FALSE
MO,2021Q4,0,FALSE,FALSE
MO,2022Q1,0,FALSE,FALSE
MO,2022Q2,0,FALSE,FALSE
MO,2022Q3,0,FALSE,FALSE
MO,2022Q4,0,FALSE,FALSE
MO,2023Q1,0,FALSE,FALSE
MO,2023Q2,0,FALSE,FALSE
MO,2023Q3,0,FALSE,FALSE
MO,2023Q4,0,FALSE,FALSE
MO,2024Q1,0,FALSE,FALSE
MO,2024Q2,0,FALSE,FALSE
MO,2024Q3,0,FALSE,FALSE
MO,2024Q4,0,FALSE,FALSE
MO,2025Q1,3.086,TRUE,FALSE
MO,2025Q2,17.187,TRUE,FALSE
MO,2025Q3,38.247,TRUE,FALSE
MO,2025Q4,52.74,TRUE,FALSE
MO,2026Q1,66.698,TRUE,TRUE
MS,2018Q1,0,FALSE,FALSE
MS,2018Q2,0,FALSE,FALSE
MS,2018Q3,0,FALSE,FALSE
MS,2018Q4,0,FALSE,FALSE
MS,2019Q1,0,FALSE,FALSE
MS,2019Q2,0,FALSE,FALSE
MS,2019Q3,0,FALSE,FALSE
MS,2019Q4,0,FALSE,FALSE
MS,2020Q1,0,FALSE,FALSE
MS,2020Q2,0,FALSE,FALSE
MS,2020Q3,0,FALSE,FALSE
MS,2020Q4,0,FALSE,FALSE
MS,2021Q1,0,FALSE,FALSE
MS,2021Q2,0,FALSE,FALSE
MS,2021Q3,0,FALSE,FALSE
MS,2021Q4,0,FALSE,FALSE
MS,2022Q1,0,FALSE,FALSE
MS,2022Q2,0,FALSE,FALSE
MS,2022Q3,0,FALSE,FALSE
MS,2022Q4,0.017,FALSE,FALSE
MS,2023Q1,0.193,FALSE,FALSE
MS,2023Q2,0,FALSE,FALSE
MS,2023Q3,0.501,TRUE,FALSE
MS,2023Q4,1.281,TRUE,FALSE
MS,2024Q1,2.545,TRUE,FALSE
MS,2024Q2,5.087,TRUE,FALSE
MS,2024Q3,7.773,TRUE,FALSE
MS,2024Q4,9.149,TRUE,FALSE
MS,2025Q1,11.191,TRUE,FALSE
MS,2025Q2,14.938,TRUE,FALSE
MS,2025Q3,16.815,TRUE,FALSE
MS,2025Q4,19.207,TRUE,FALSE
MS,2026Q1,20.351,TRUE,TRUE
MT,2018Q1,0,FALSE,FALSE
MT,2018Q2,0,FALSE,FALSE
MT,2018Q3,0,FALSE,FALSE
MT,2018Q4,0,FALSE,FALSE
MT,2019Q1,0,FALSE,FALSE
MT,2019Q2,0,FALSE,FALSE
MT,2019Q3,0,FALSE,FALSE
MT,2019Q4,0,FALSE,FALSE
MT,2020Q1,0,FALSE,FALSE
MT,2020Q2,0,FALSE,FALSE
MT,2020Q3,0,FALSE,FALSE
MT,2020Q4,0,FALSE,FALSE
MT,2021Q1,0,FALSE,FALSE
MT,2021Q2,0,FALSE,FALSE
MT,2021Q3,0,FALSE,FALSE
MT,2021Q4,0,FALSE,FALSE
MT,2022Q1,0,FALSE,FALSE
MT,2022Q2,0,FALSE,FALSE
MT,2022Q3,0,FALSE,FALSE
MT,2022Q4,0,FALSE,FALSE
MT,2023Q1,0,FALSE,FALSE
MT,2023Q2,0,FALSE,FALSE
MT,2023Q3,0,FALSE,FALSE
MT,2023Q4,0,FALSE,FALSE
MT,2024Q1,0,FALSE,FALSE
MT,2024Q2,0,FALSE,FALSE
MT,2024Q3,0,FALSE,FALSE
MT,2024Q4,0.136,FALSE,FALSE
MT,2025Q1,0.134,FALSE,FALSE
MT,2025Q2,0.289,FALSE,FALSE
MT,2025Q3,0.354,FALSE,FALSE
MT,2025Q4,0.192,FALSE,FALSE
MT,2026Q1,0.615,FALSE,TRUE
NC,2018Q1,0,FALSE,FALSE
NC,2018Q2,0,FALSE,FALSE
NC,2018Q3,0,FALSE,FALSE
NC,2018Q4,0,FALSE,FALSE
NC,2019Q1,0,FALSE,FALSE
NC,2019Q2,0,FALSE,FALSE
NC,2019Q3,0,FALSE,FALSE
NC,2019Q4,0,FALSE,FALSE
NC,2020Q1,0,FALSE,FALSE
NC,2020Q2,0,FALSE,FALSE
NC,2020Q3,0,FALSE,FALSE
NC,2020Q4,0,FALSE,FALSE
NC,2021Q1,0,FALSE,FALSE
NC,2021Q2,0,FALSE,FALSE
NC,2021Q3,0,FALSE,FALSE
NC,2021Q4,0,FALSE,FALSE
NC,2022Q1,0,FALSE,FALSE
NC,2022Q2,0,FALSE,FALSE
NC,2022Q3,0,FALSE,FALSE
NC,2022Q4,0,FALSE,FALSE
NC,2023Q1,0,FALSE,FALSE
NC,2023Q2,0,FALSE,FALSE
NC,2023Q3,0,FALSE,FALSE
NC,2023Q4,0,FALSE,FALSE
NC,2024Q1,0,FALSE,FALSE
NC,2024Q2,0.143,FALSE,FALSE
NC,2024Q3,2.981,TRUE,FALSE
NC,2024Q4,11.904,TRUE,FALSE
NC,2025Q1,20.638,TRUE,FALSE
NC,2025Q2,29.634,TRUE,FALSE
NC,2025Q3,35.768,TRUE,FALSE
NC,2025Q4,4.098,TRUE,FALSE
NC,2026Q1,20.041,TRUE,TRUE
ND,2018Q1,0,FALSE,FALSE
ND,2018Q2,0,FALSE,FALSE
ND,2018Q3,0,FALSE,FALSE
ND,2018Q4,0,FALSE,FALSE
ND,2019Q1,0,FALSE,FALSE
ND,2019Q2,0,FALSE,FALSE
ND,2019Q3,0,FALSE,FALSE
ND,2019Q4,0,FALSE,FALSE
ND,2020Q1,0,FALSE,FALSE
ND,2020Q2,0,FALSE,FALSE
ND,2020Q3,0,FALSE,FALSE
ND,2020Q4,0,FALSE,FALSE
ND,2021Q1,0,FALSE,FALSE
ND,2021Q2,0,FALSE,FALSE
ND,2021Q3,0,FALSE,FALSE
ND,2021Q4,0,FALSE,FALSE
ND,2022Q1,0,FALSE,FALSE
ND,2022Q2,0,FALSE,FALSE
ND,2022Q3,0,FALSE,FALSE
ND,2022Q4,0,FALSE,FALSE
ND,2023Q1,0,FALSE,FALSE
ND,2023Q2,0,FALSE,FALSE
ND,2023Q3,0,FALSE,FALSE
ND,2023Q4,0,FALSE,FALSE
ND,2024Q1,0,FALSE,FALSE
ND,2024Q2,0,FALSE,FALSE
ND,2024Q3,0,FALSE,FALSE
ND,2024Q4,0,FALSE,FALSE
ND,2025Q1,0,FALSE,FALSE
ND,2025Q2,0,FALSE,FALSE
ND,2025Q3,0,FALSE,FALSE
ND,2025Q4,0,FALSE,FALSE
ND,2026Q1,0,FALSE,TRUE
NE,2018Q1,0,FALSE,FALSE
NE,2018Q2,0,FALSE,FALSE
NE,2018Q3,0,FALSE,FALSE
NE,2018Q4,0,FALSE,FALSE
NE,2019Q1,0,FALSE,FALSE
NE,2019Q2,0,FALSE,FALSE
NE,2019Q3,0,FALSE,FALSE
NE,2019Q4,0,FALSE,FALSE
NE,2020Q1,0,FALSE,FALSE
NE,2020Q2,0,FALSE,FALSE
NE,2020Q3,0,FALSE,FALSE
NE,2020Q4,0,FALSE,FALSE
NE,2021Q1,0,FALSE,FALSE
NE,2021Q2,0,FALSE,FALSE
NE,2021Q3,0,FALSE,FALSE
NE,2021Q4,0,FALSE,FALSE
NE,2022Q1,0,FALSE,FALSE
NE,2022Q2,0,FALSE,FALSE
NE,2022Q3,0,FALSE,FALSE
NE,2022Q4,0,FALSE,FALSE
NE,2023Q1,0,FALSE,FALSE
NE,2023Q2,0,FALSE,FALSE
NE,2023Q3,0,FALSE,FALSE
NE,2023Q4,0,FALSE,FALSE
NE,2024Q1,0,FALSE,FALSE
NE,2024Q2,0,FALSE,FALSE
NE,2024Q3,0,FALSE,FALSE
NE,2024Q4,0,FALSE,FALSE
NE,2025Q1,0.036,FALSE,FALSE
NE,2025Q2,0.13,FALSE,FALSE
NE,2025Q3,0.456,FALSE,FALSE
NE,2025Q4,0.942,FALSE,FALSE
NE,2026Q1,1.101,FALSE,TRUE
NH,2018Q1,0,FALSE,FALSE
NH,2018Q2,0,FALSE,FALSE
NH,2018Q3,0,FALSE,FALSE
NH,2018Q4,0,FALSE,FALSE
NH,2019Q1,0,FALSE,FALSE
NH,2019Q2,0,FALSE,FALSE
NH,2019Q3,0,FALSE,FALSE
NH,2019Q4,0,FALSE,FALSE
NH,2020Q1,0,FALSE,FALSE
NH,2020Q2,0,FALSE,FALSE
NH,2020Q3,0,FALSE,FALSE
NH,2020Q4,0,FALSE,FALSE
NH,2021Q1,0,FALSE,FALSE
NH,2021Q2,0,FALSE,FALSE
NH,2021Q3,0,FALSE,FALSE
NH,2021Q4,0,FALSE,FALSE
NH,2022Q1,0.221,FALSE,FALSE
NH,2022Q2,0.293,FALSE,FALSE
NH,2022Q3,0.19,FALSE,FALSE
NH,2022Q4,0.263,FALSE,FALSE
NH,2023Q1,2.268,FALSE,FALSE
NH,2023Q2,3.804,FALSE,FALSE
NH,2023Q3,2.951,TRUE,FALSE
NH,2023Q4,2.695,TRUE,FALSE
NH,2024Q1,3.615,TRUE,FALSE
NH,2024Q2,8.155,TRUE,FALSE
NH,2024Q3,14.439,TRUE,FALSE
NH,2024Q4,20.171,TRUE,FALSE
NH,2025Q1,24.523,TRUE,FALSE
NH,2025Q2,27.939,TRUE,FALSE
NH,2025Q3,32.013,TRUE,FALSE
NH,2025Q4,33.265,TRUE,FALSE
NH,2026Q1,4.02,FALSE,TRUE
NJ,2018Q1,0,FALSE,FALSE
NJ,2018Q2,0,FALSE,FALSE
NJ,2018Q3,0,FALSE,FALSE
NJ,2018Q4,0,FALSE,FALSE
NJ,2019Q1,0,FALSE,FALSE
NJ,2019Q2,0,FALSE,FALSE
NJ,2019Q3,0,FALSE,FALSE
NJ,2019Q4,0,FALSE,FALSE
NJ,2020Q1,0,FALSE,FALSE
NJ,2020Q2,0,FALSE,FALSE
NJ,2020Q3,0,FALSE,FALSE
NJ,2020Q4,0,FALSE,FALSE
NJ,2021Q1,0,FALSE,FALSE
NJ,2021Q2,0,FALSE,FALSE
NJ,2021Q3,0,FALSE,FALSE
NJ,2021Q4,0,FALSE,FALSE
NJ,2022Q1,0.006,FALSE,FALSE
NJ,2022Q2,0,FALSE,FALSE
NJ,2022Q3,0,FALSE,FALSE
NJ,2022Q4,0,FALSE,FALSE
NJ,2023Q1,0,FALSE,FALSE
NJ,2023Q2,0,FALSE,FALSE
NJ,2023Q3,0,FALSE,FALSE
NJ,2023Q4,0,FALSE,FALSE
NJ,2024Q1,0,FALSE,FALSE
NJ,2024Q2,0.015,FALSE,FALSE
NJ,2024Q3,0.092,FALSE,FALSE
NJ,2024Q4,0.186,FALSE,FALSE
NJ,2025Q1,0.465,FALSE,FALSE
NJ,2025Q2,1.137,FALSE,FALSE
NJ,2025Q3,2.122,FALSE,FALSE
NJ,2025Q4,3.003,FALSE,FALSE
NJ,2026Q1,2.271,FALSE,TRUE
NM,2018Q1,0,FALSE,FALSE
NM,2018Q2,0,FALSE,FALSE
NM,2018Q3,0,FALSE,FALSE
NM,2018Q4,0,FALSE,FALSE
NM,2019Q1,0,FALSE,FALSE
NM,2019Q2,0,FALSE,FALSE
NM,2019Q3,0,FALSE,FALSE
NM,2019Q4,0,FALSE,FALSE
NM,2020Q1,0,FALSE,FALSE
NM,2020Q2,0,FALSE,FALSE
NM,2020Q3,0,FALSE,FALSE
NM,2020Q4,0,FALSE,FALSE
NM,2021Q1,0,FALSE,FALSE
NM,2021Q2,0,FALSE,FALSE
NM,2021Q3,0,FALSE,FALSE
NM,2021Q4,0,FALSE,FALSE
NM,2022Q1,0,FALSE,FALSE
NM,2022Q2,0,FALSE,FALSE
NM,2022Q3,0,FALSE,FALSE
NM,2022Q4,0,FALSE,FALSE
NM,2023Q1,0.078,FALSE,FALSE
NM,2023Q2,0.036,FALSE,FALSE
NM,2023Q3,0,FALSE,FALSE
NM,2023Q4,0,FALSE,FALSE
NM,2024Q1,0.019,FALSE,FALSE
NM,2024Q2,0.073,FALSE,FALSE
NM,2024Q3,0.182,FALSE,FALSE
NM,2024Q4,0.279,FALSE,FALSE
NM,2025Q1,0.177,FALSE,FALSE
NM,2025Q2,0,FALSE,FALSE
NM,2025Q3,0,FALSE,FALSE
NM,2025Q4,0,FALSE,FALSE
NM,2026Q1,0.112,FALSE,TRUE
NV,2018Q1,0,FALSE,FALSE
NV,2018Q2,0,FALSE,FALSE
NV,2018Q3,0,FALSE,FALSE
NV,2018Q4,0,FALSE,FALSE
NV,2019Q1,0,FALSE,FALSE
NV,2019Q2,0,FALSE,FALSE
NV,2019Q3,0,FALSE,FALSE
NV,2019Q4,0,FALSE,FALSE
NV,2020Q1,0,FALSE,FALSE
NV,2020Q2,0,FALSE,FALSE
NV,2020Q3,0,FALSE,FALSE
NV,2020Q4,0,FALSE,FALSE
NV,2021Q1,0,FALSE,FALSE
NV,2021Q2,0,FALSE,FALSE
NV,2021Q3,0,FALSE,FALSE
NV,2021Q4,0,FALSE,FALSE
NV,2022Q1,0,FALSE,FALSE
NV,2022Q2,0,FALSE,FALSE
NV,2022Q3,0,FALSE,FALSE
NV,2022Q4,0,FALSE,FALSE
NV,2023Q1,0,FALSE,FALSE
NV,2023Q2,0,FALSE,FALSE
NV,2023Q3,0,FALSE,FALSE
NV,2023Q4,0,FALSE,FALSE
NV,2024Q1,0,FALSE,FALSE
NV,2024Q2,0,FALSE,FALSE
NV,2024Q3,0.048,FALSE,FALSE
NV,2024Q4,0.105,FALSE,FALSE
NV,2025Q1,0.161,FALSE,FALSE
NV,2025Q2,0.341,FALSE,FALSE
NV,2025Q3,0.465,FALSE,FALSE
NV,2025Q4,0.815,FALSE,FALSE
NV,2026Q1,1.942,FALSE,TRUE
NY,2018Q1,0,FALSE,FALSE
NY,2018Q2,0,FALSE,FALSE
NY,2018Q3,0,FALSE,FALSE
NY,2018Q4,0,FALSE,FALSE
NY,2019Q1,0,FALSE,FALSE
NY,2019Q2,0,FALSE,FALSE
NY,2019Q3,0,FALSE,FALSE
NY,2019Q4,0,FALSE,FALSE
NY,2020Q1,0,FALSE,FALSE
NY,2020Q2,0,FALSE,FALSE
NY,2020Q3,0,FALSE,FALSE
NY,2020Q4,0,FALSE,FALSE
NY,2021Q1,0,FALSE,FALSE
NY,2021Q2,0,FALSE,FALSE
NY,2021Q3,0,FALSE,FALSE
NY,2021Q4,0,FALSE,FALSE
NY,2022Q1,0,FALSE,FALSE
NY,2022Q2,0,FALSE,FALSE
NY,2022Q3,0,FALSE,FALSE
NY,2022Q4,0,FALSE,FALSE
NY,2023Q1,0,FALSE,FALSE
NY,2023Q2,0,FALSE,FALSE
NY,2023Q3,0,FALSE,FALSE
NY,2023Q4,0,FALSE,FALSE
NY,2024Q1,0,FALSE,FALSE
NY,2024Q2,0,FALSE,FALSE
NY,2024Q3,0,FALSE,FALSE
NY,2024Q4,0,FALSE,FALSE
NY,2025Q1,0,FALSE,FALSE
NY,2025Q2,0,FALSE,FALSE
NY,2025Q3,0.002,FALSE,FALSE
NY,2025Q4,0.033,FALSE,FALSE
NY,2026Q1,0.335,FALSE,TRUE
OH,2018Q1,0,FALSE,FALSE
OH,2018Q2,0,FALSE,FALSE
OH,2018Q3,0,FALSE,FALSE
OH,2018Q4,0,FALSE,FALSE
OH,2019Q1,0,FALSE,FALSE
OH,2019Q2,0,FALSE,FALSE
OH,2019Q3,0,FALSE,FALSE
OH,2019Q4,0,FALSE,FALSE
OH,2020Q1,0,FALSE,FALSE
OH,2020Q2,0,FALSE,FALSE
OH,2020Q3,0,FALSE,FALSE
OH,2020Q4,0,FALSE,FALSE
OH,2021Q1,0,FALSE,FALSE
OH,2021Q2,0,FALSE,FALSE
OH,2021Q3,0,FALSE,FALSE
OH,2021Q4,0,FALSE,FALSE
OH,2022Q1,0,FALSE,FALSE
OH,2022Q2,0,FALSE,FALSE
OH,2022Q3,0,FALSE,FALSE
OH,2022Q4,0.005,FALSE,FALSE
OH,2023Q1,0,FALSE,FALSE
OH,2023Q2,0.004,FALSE,FALSE
OH,2023Q3,0.004,FALSE,FALSE
OH,2023Q4,0.004,FALSE,FALSE
OH,2024Q1,0,FALSE,FALSE
OH,2024Q2,0.035,FALSE,FALSE
OH,2024Q3,0.105,FALSE,FALSE
OH,2024Q4,0.273,FALSE,FALSE
OH,2025Q1,0.491,FALSE,FALSE
OH,2025Q2,0.75,FALSE,FALSE
OH,2025Q3,1.176,FALSE,FALSE
OH,2025Q4,1.837,FALSE,FALSE
OH,2026Q1,2.248,FALSE,TRUE
OK,2018Q1,0,FALSE,FALSE
OK,2018Q2,0,FALSE,FALSE
OK,2018Q3,0,FALSE,FALSE
OK,2018Q4,0,FALSE,FALSE
OK,2019Q1,0,FALSE,FALSE
OK,2019Q2,0,FALSE,FALSE
OK,2019Q3,0,FALSE,FALSE
OK,2019Q4,0,FALSE,FALSE
OK,2020Q1,0,FALSE,FALSE
OK,2020Q2,0,FALSE,FALSE
OK,2020Q3,0,FALSE,FALSE
OK,2020Q4,0,FALSE,FALSE
OK,2021Q1,0,FALSE,FALSE
OK,2021Q2,0,FALSE,FALSE
OK,2021Q3,0,FALSE,FALSE
OK,2021Q4,0,FALSE,FALSE
OK,2022Q1,0,FALSE,FALSE
OK,2022Q2,0,FALSE,FALSE
OK,2022Q3,0,FALSE,FALSE
OK,2022Q4,0,FALSE,FALSE
OK,2023Q1,0,FALSE,FALSE
OK,2023Q2,0,FALSE,FALSE
OK,2023Q3,0,FALSE,FALSE
OK,2023Q4,0,FALSE,FALSE
OK,2024Q1,0,FALSE,FALSE
OK,2024Q2,0,FALSE,FALSE
OK,2024Q3,0,FALSE,FALSE
OK,2024Q4,0.062,FALSE,FALSE
OK,2025Q1,0.1,FALSE,FALSE
OK,2025Q2,0.166,FALSE,FALSE
OK,2025Q3,0.206,FALSE,FALSE
OK,2025Q4,0.208,FALSE,FALSE
OK,2026Q1,0.316,FALSE,TRUE
OR,2018Q1,0,FALSE,FALSE
OR,2018Q2,0,FALSE,FALSE
OR,2018Q3,0,FALSE,FALSE
OR,2018Q4,0,FALSE,FALSE
OR,2019Q1,0,FALSE,FALSE
OR,2019Q2,0,FALSE,FALSE
OR,2019Q3,0,FALSE,FALSE
OR,2019Q4,0,FALSE,FALSE
OR,2020Q1,0,FALSE,FALSE
OR,2020Q2,0,FALSE,FALSE
OR,2020Q3,0,FALSE,FALSE
OR,2020Q4,0,FALSE,FALSE
OR,2021Q1,0,FALSE,FALSE
OR,2021Q2,0,FALSE,FALSE
OR,2021Q3,0,FALSE,FALSE
OR,2021Q4,0,FALSE,FALSE
OR,2022Q1,0,FALSE,FALSE
OR,2022Q2,0,FALSE,FALSE
OR,2022Q3,0,FALSE,FALSE
OR,2022Q4,0,FALSE,FALSE
OR,2023Q1,0,FALSE,FALSE
OR,2023Q2,0,FALSE,FALSE
OR,2023Q3,0,FALSE,FALSE
OR,2023Q4,0,FALSE,FALSE
OR,2024Q1,0,FALSE,FALSE
OR,2024Q2,0.043,FALSE,FALSE
OR,2024Q3,0.084,FALSE,FALSE
OR,2024Q4,0.152,FALSE,FALSE
OR,2025Q1,0.244,FALSE,FALSE
OR,2025Q2,0.624,FALSE,FALSE
OR,2025Q3,1.158,FALSE,FALSE
OR,2025Q4,2.066,FALSE,FALSE
OR,2026Q1,2.27,FALSE,TRUE
PA,2018Q1,0,FALSE,FALSE
PA,2018Q2,0,FALSE,FALSE
PA,2018Q3,0,FALSE,FALSE
PA,2018Q4,0,FALSE,FALSE
PA,2019Q1,0,FALSE,FALSE
PA,2019Q2,0,FALSE,FALSE
PA,2019Q3,0,FALSE,FALSE
PA,2019Q4,0,FALSE,FALSE
PA,2020Q1,0,FALSE,FALSE
PA,2020Q2,0,FALSE,FALSE
PA,2020Q3,0,FALSE,FALSE
PA,2020Q4,0,FALSE,FALSE
PA,2021Q1,0,FALSE,FALSE
PA,2021Q2,0,FALSE,FALSE
PA,2021Q3,0,FALSE,FALSE
PA,2021Q4,0,FALSE,FALSE
PA,2022Q1,0.006,FALSE,FALSE
PA,2022Q2,0.01,FALSE,FALSE
PA,2022Q3,0.011,FALSE,FALSE
PA,2022Q4,0.004,FALSE,FALSE
PA,2023Q1,3.191,TRUE,FALSE
PA,2023Q2,6.968,TRUE,FALSE
PA,2023Q3,5.794,TRUE,FALSE
PA,2023Q4,5.535,TRUE,FALSE
PA,2024Q1,7.118,TRUE,FALSE
PA,2024Q2,14.628,TRUE,FALSE
PA,2024Q3,21.301,TRUE,FALSE
PA,2024Q4,25.865,TRUE,FALSE
PA,2025Q1,32.521,TRUE,FALSE
PA,2025Q2,39.535,TRUE,FALSE
PA,2025Q3,44.657,TRUE,FALSE
PA,2025Q4,47.294,TRUE,FALSE
PA,2026Q1,2.126,FALSE,TRUE
RI,2018Q1,0,FALSE,FALSE
RI,2018Q2,0,FALSE,FALSE
RI,2018Q3,0,FALSE,FALSE
RI,2018Q4,0,FALSE,FALSE
RI,2019Q1,0,FALSE,FALSE
RI,2019Q2,0,FALSE,FALSE
RI,2019Q3,0,FALSE,FALSE
RI,2019Q4,0,FALSE,FALSE
RI,2020Q1,0,FALSE,FALSE
RI,2020Q2,0,FALSE,FALSE
RI,2020Q3,0,FALSE,FALSE
RI,2020Q4,0,FALSE,FALSE
RI,2021Q1,0,FALSE,FALSE
RI,2021Q2,0,FALSE,FALSE
RI,2021Q3,0,FALSE,FALSE
RI,2021Q4,0,FALSE,FALSE
RI,2022Q1,0.238,FALSE,FALSE
RI,2022Q2,0.288,FALSE,FALSE
RI,2022Q3,0.244,FALSE,FALSE
RI,2022Q4,0.265,FALSE,FALSE
RI,2023Q1,2.194,FALSE,FALSE
RI,2023Q2,2.671,FALSE,FALSE
RI,2023Q3,2.305,FALSE,FALSE
RI,2023Q4,2.222,TRUE,FALSE
RI,2024Q1,3.338,TRUE,FALSE
RI,2024Q2,4.827,TRUE,FALSE
RI,2024Q3,5.846,TRUE,FALSE
RI,2024Q4,6.827,TRUE,FALSE
RI,2025Q1,8.235,TRUE,FALSE
RI,2025Q2,10.575,TRUE,FALSE
RI,2025Q3,12.566,TRUE,FALSE
RI,2025Q4,14.185,TRUE,FALSE
RI,2026Q1,15.349,TRUE,TRUE
SC,2018Q1,0,FALSE,FALSE
SC,2018Q2,0,FALSE,FALSE
SC,2018Q3,0,FALSE,FALSE
SC,2018Q4,0,FALSE,FALSE
SC,2019Q1,0,FALSE,FALSE
SC,2019Q2,0,FALSE,FALSE
SC,2019Q3,0,FALSE,FALSE
SC,2019Q4,0,FALSE,FALSE
SC,2020Q1,0,FALSE,FALSE
SC,2020Q2,0,FALSE,FALSE
SC,2020Q3,0,FALSE,FALSE
SC,2020Q4,0,FALSE,FALSE
SC,2021Q1,0,FALSE,FALSE
SC,2021Q2,0,FALSE,FALSE
SC,2021Q3,0,FALSE,FALSE
SC,2021Q4,0,FALSE,FALSE
SC,2022Q1,0,FALSE,FALSE
SC,2022Q2,0,FALSE,FALSE
SC,2022Q3,0,FALSE,FALSE
SC,2022Q4,0,FALSE,FALSE
SC,2023Q1,0,FALSE,FALSE
SC,2023Q2,0,FALSE,FALSE
SC,2023Q3,0,FALSE,FALSE
SC,2023Q4,0,FALSE,FALSE
SC,2024Q1,0,FALSE,FALSE
SC,2024Q2,0.012,FALSE,FALSE
SC,2024Q3,0.043,FALSE,FALSE
SC,2024Q4,0.281,TRUE,FALSE
SC,2025Q1,1.477,TRUE,FALSE
SC,2025Q2,3.181,TRUE,FALSE
SC,2025Q3,3.973,TRUE,FALSE
SC,2025Q4,3.71,TRUE,FALSE
SC,2026Q1,1.448,FALSE,TRUE
SD,2018Q1,0,FALSE,FALSE
SD,2018Q2,0,FALSE,FALSE
SD,2018Q3,0,FALSE,FALSE
SD,2018Q4,0,FALSE,FALSE
SD,2019Q1,0,FALSE,FALSE
SD,2019Q2,0,FALSE,FALSE
SD,2019Q3,0,FALSE,FALSE
SD,2019Q4,0,FALSE,FALSE
SD,2020Q1,0,FALSE,FALSE
SD,2020Q2,0,FALSE,FALSE
SD,2020Q3,0,FALSE,FALSE
SD,2020Q4,0,FALSE,FALSE
SD,2021Q1,0,FALSE,FALSE
SD,2021Q2,0,FALSE,FALSE
SD,2021Q3,0,FALSE,FALSE
SD,2021Q4,0,FALSE,FALSE
SD,2022Q1,0,FALSE,FALSE
SD,2022Q2,0,FALSE,FALSE
SD,2022Q3,0,FALSE,FALSE
SD,2022Q4,0,FALSE,FALSE
SD,2023Q1,0,FALSE,FALSE
SD,2023Q2,0,FALSE,FALSE
SD,2023Q3,0,FALSE,FALSE
SD,2023Q4,0,FALSE,FALSE
SD,2024Q1,0,FALSE,FALSE
SD,2024Q2,0,FALSE,FALSE
SD,2024Q3,0,FALSE,FALSE
SD,2024Q4,0,FALSE,FALSE
SD,2025Q1,0,FALSE,FALSE
SD,2025Q2,0,FALSE,FALSE
SD,2025Q3,0,FALSE,FALSE
SD,2025Q4,0,FALSE,FALSE
SD,2026Q1,0.088,FALSE,TRUE
TN,2018Q1,0,FALSE,FALSE
TN,2018Q2,0,FALSE,FALSE
TN,2018Q3,0,FALSE,FALSE
TN,2018Q4,0,FALSE,FALSE
TN,2019Q1,0,FALSE,FALSE
TN,2019Q2,0,FALSE,FALSE
TN,2019Q3,0,FALSE,FALSE
TN,2019Q4,0,FALSE,FALSE
TN,2020Q1,0,FALSE,FALSE
TN,2020Q2,0,FALSE,FALSE
TN,2020Q3,0,FALSE,FALSE
TN,2020Q4,0,FALSE,FALSE
TN,2021Q1,0,FALSE,FALSE
TN,2021Q2,0,FALSE,FALSE
TN,2021Q3,0,FALSE,FALSE
TN,2021Q4,0,FALSE,FALSE
TN,2022Q1,0,FALSE,FALSE
TN,2022Q2,0.008,FALSE,FALSE
TN,2022Q3,0,FALSE,FALSE
TN,2022Q4,0,FALSE,FALSE
TN,2023Q1,0.139,FALSE,FALSE
TN,2023Q2,0.483,FALSE,FALSE
TN,2023Q3,0.343,FALSE,FALSE
TN,2023Q4,0.292,FALSE,FALSE
TN,2024Q1,0.368,FALSE,FALSE
TN,2024Q2,0.776,FALSE,FALSE
TN,2024Q3,1.365,FALSE,FALSE
TN,2024Q4,2.135,FALSE,FALSE
TN,2025Q1,2.347,FALSE,FALSE
TN,2025Q2,2.805,FALSE,FALSE
TN,2025Q3,6.434,TRUE,FALSE
TN,2025Q4,20.811,TRUE,FALSE
TN,2026Q1,31.512,TRUE,TRUE
TX,2018Q1,0,FALSE,FALSE
TX,2018Q2,0,FALSE,FALSE
TX,2018Q3,0,FALSE,FALSE
TX,2018Q4,0,FALSE,FALSE
TX,2019Q1,0,FALSE,FALSE
TX,2019Q2,0,FALSE,FALSE
TX,2019Q3,0,FALSE,FALSE
TX,2019Q4,0,FALSE,FALSE
TX,2020Q1,0,FALSE,FALSE
TX,2020Q2,0,FALSE,FALSE
TX,2020Q3,0,FALSE,FALSE
TX,2020Q4,0,FALSE,FALSE
TX,2021Q1,0,FALSE,FALSE
TX,2021Q2,0,FALSE,FALSE
TX,2021Q3,0,FALSE,FALSE
TX,2021Q4,0,FALSE,FALSE
TX,2022Q1,0,FALSE,FALSE
TX,2022Q2,0,FALSE,FALSE
TX,2022Q3,0,FALSE,FALSE
TX,2022Q4,0,FALSE,FALSE
TX,2023Q1,0,FALSE,FALSE
TX,2023Q2,0,FALSE,FALSE
TX,2023Q3,0,FALSE,FALSE
TX,2023Q4,0,FALSE,FALSE
TX,2024Q1,0,FALSE,FALSE
TX,2024Q2,0,FALSE,FALSE
TX,2024Q3,0.004,FALSE,FALSE
TX,2024Q4,0.01,FALSE,FALSE
TX,2025Q1,0.163,FALSE,FALSE
TX,2025Q2,0.276,FALSE,FALSE
TX,2025Q3,0.34,FALSE,FALSE
TX,2025Q4,0.525,FALSE,FALSE
TX,2026Q1,0.921,FALSE,TRUE
UT,2018Q1,0,FALSE,FALSE
UT,2018Q2,0,FALSE,FALSE
UT,2018Q3,0,FALSE,FALSE
UT,2018Q4,0,FALSE,FALSE
UT,2019Q1,0,FALSE,FALSE
UT,2019Q2,0,FALSE,FALSE
UT,2019Q3,0,FALSE,FALSE
UT,2019Q4,0,FALSE,FALSE
UT,2020Q1,0,FALSE,FALSE
UT,2020Q2,0,FALSE,FALSE
UT,2020Q3,0,FALSE,FALSE
UT,2020Q4,0,FALSE,FALSE
UT,2021Q1,0,FALSE,FALSE
UT,2021Q2,0,FALSE,FALSE
UT,2021Q3,0,FALSE,FALSE
UT,2021Q4,0,FALSE,FALSE
UT,2022Q1,0,FALSE,FALSE
UT,2022Q2,0,FALSE,FALSE
UT,2022Q3,0,FALSE,FALSE
UT,2022Q4,0,FALSE,FALSE
UT,2023Q1,0,FALSE,FALSE
UT,2023Q2,0,FALSE,FALSE
UT,2023Q3,0,FALSE,FALSE
UT,2023Q4,0,FALSE,FALSE
UT,2024Q1,0,FALSE,FALSE
UT,2024Q2,0,FALSE,FALSE
UT,2024Q3,0,FALSE,FALSE
UT,2024Q4,0,FALSE,FALSE
UT,2025Q1,0,FALSE,FALSE
UT,2025Q2,0.036,FALSE,FALSE
UT,2025Q3,0,FALSE,FALSE
UT,2025Q4,0.388,TRUE,FALSE
UT,2026Q1,1.223,TRUE,TRUE
VA,2018Q1,0,FALSE,FALSE
VA,2018Q2,0,FALSE,FALSE
VA,2018Q3,0,FALSE,FALSE
VA,2018Q4,0,FALSE,FALSE
VA,2019Q1,0,FALSE,FALSE
VA,2019Q2,0,FALSE,FALSE
VA,2019Q3,0,FALSE,FALSE
VA,2019Q4,0,FALSE,FALSE
VA,2020Q1,0,FALSE,FALSE
VA,2020Q2,0,FALSE,FALSE
VA,2020Q3,0,FALSE,FALSE
VA,2020Q4,0,FALSE,FALSE
VA,2021Q1,0,FALSE,FALSE
VA,2021Q2,0,FALSE,FALSE
VA,2021Q3,0.021,FALSE,FALSE
VA,2021Q4,0.135,FALSE,FALSE
VA,2022Q1,0.29,FALSE,FALSE
VA,2022Q2,0.332,TRUE,FALSE
VA,2022Q3,0.234,TRUE,FALSE
VA,2022Q4,0.248,TRUE,FALSE
VA,2023Q1,2.043,TRUE,FALSE
VA,2023Q2,3.995,TRUE,FALSE
VA,2023Q3,3.053,TRUE,FALSE
VA,2023Q4,2.743,TRUE,FALSE
VA,2024Q1,4.206,TRUE,FALSE
VA,2024Q2,6.871,TRUE,FALSE
VA,2024Q3,8.724,TRUE,FALSE
VA,2024Q4,7.38,TRUE,FALSE
VA,2025Q1,5.826,TRUE,FALSE
VA,2025Q2,5.399,TRUE,FALSE
VA,2025Q3,6.303,TRUE,FALSE
VA,2025Q4,5.805,TRUE,FALSE
VA,2026Q1,5.386,TRUE,TRUE
VT,2018Q1,0,FALSE,FALSE
VT,2018Q2,0,FALSE,FALSE
VT,2018Q3,0,FALSE,FALSE
VT,2018Q4,0,FALSE,FALSE
VT,2019Q1,0,FALSE,FALSE
VT,2019Q2,0,FALSE,FALSE
VT,2019Q3,0,FALSE,FALSE
VT,2019Q4,0,FALSE,FALSE
VT,2020Q1,0,FALSE,FALSE
VT,2020Q2,0,FALSE,FALSE
VT,2020Q3,0,FALSE,FALSE
VT,2020Q4,0,FALSE,FALSE
VT,2021Q1,0,FALSE,FALSE
VT,2021Q2,0,FALSE,FALSE
VT,2021Q3,0,FALSE,FALSE
VT,2021Q4,0,FALSE,FALSE
VT,2022Q1,0,FALSE,FALSE
VT,2022Q2,0,FALSE,FALSE
VT,2022Q3,0,FALSE,FALSE
VT,2022Q4,0,FALSE,FALSE
VT,2023Q1,0,FALSE,FALSE
VT,2023Q2,0,FALSE,FALSE
VT,2023Q3,0,FALSE,FALSE
VT,2023Q4,0,FALSE,FALSE
VT,2024Q1,0,FALSE,FALSE
VT,2024Q2,0,FALSE,FALSE
VT,2024Q3,0,FALSE,FALSE
VT,2024Q4,0,FALSE,FALSE
VT,2025Q1,0.203,FALSE,FALSE
VT,2025Q2,1.061,FALSE,FALSE
VT,2025Q3,2.806,FALSE,FALSE
VT,2025Q4,4.034,FALSE,FALSE
VT,2026Q1,5.899,FALSE,TRUE
WA,2018Q1,0,FALSE,FALSE
WA,2018Q2,0,FALSE,FALSE
WA,2018Q3,0,FALSE,FALSE
WA,2018Q4,0,FALSE,FALSE
WA,2019Q1,0,FALSE,FALSE
WA,2019Q2,0,FALSE,FALSE
WA,2019Q3,0,FALSE,FALSE
WA,2019Q4,0,FALSE,FALSE
WA,2020Q1,0,FALSE,FALSE
WA,2020Q2,0,FALSE,FALSE
WA,2020Q3,0,FALSE,FALSE
WA,2020Q4,0,FALSE,FALSE
WA,2021Q1,0,FALSE,FALSE
WA,2021Q2,0,FALSE,FALSE
WA,2021Q3,0,FALSE,FALSE
WA,2021Q4,0,FALSE,FALSE
WA,2022Q1,0,FALSE,FALSE
WA,2022Q2,0,FALSE,FALSE
WA,2022Q3,0,FALSE,FALSE
WA,2022Q4,0,FALSE,FALSE
WA,2023Q1,0,FALSE,FALSE
WA,2023Q2,0,FALSE,FALSE
WA,2023Q3,0,FALSE,FALSE
WA,2023Q4,0.006,FALSE,FALSE
WA,2024Q1,0.007,FALSE,FALSE
WA,2024Q2,0.011,FALSE,FALSE
WA,2024Q3,0,FALSE,FALSE
WA,2024Q4,0.023,FALSE,FALSE
WA,2025Q1,0.086,FALSE,FALSE
WA,2025Q2,0.257,FALSE,FALSE
WA,2025Q3,0.552,FALSE,FALSE
WA,2025Q4,1.102,FALSE,FALSE
WA,2026Q1,1.381,FALSE,TRUE
WI,2018Q1,0,FALSE,FALSE
WI,2018Q2,0,FALSE,FALSE
WI,2018Q3,0,FALSE,FALSE
WI,2018Q4,0,FALSE,FALSE
WI,2019Q1,0,FALSE,FALSE
WI,2019Q2,0,FALSE,FALSE
WI,2019Q3,0,FALSE,FALSE
WI,2019Q4,0,FALSE,FALSE
WI,2020Q1,0,FALSE,FALSE
WI,2020Q2,0,FALSE,FALSE
WI,2020Q3,0,FALSE,FALSE
WI,2020Q4,0,FALSE,FALSE
WI,2021Q1,0,FALSE,FALSE
WI,2021Q2,0,FALSE,FALSE
WI,2021Q3,0,FALSE,FALSE
WI,2021Q4,0.296,FALSE,FALSE
WI,2022Q1,0.839,FALSE,FALSE
WI,2022Q2,0.924,FALSE,FALSE
WI,2022Q3,0.508,FALSE,FALSE
WI,2022Q4,0.318,FALSE,FALSE
WI,2023Q1,1.642,TRUE,FALSE
WI,2023Q2,4.214,TRUE,FALSE
WI,2023Q3,3.739,TRUE,FALSE
WI,2023Q4,3.575,TRUE,FALSE
WI,2024Q1,7.907,TRUE,FALSE
WI,2024Q2,15.173,TRUE,FALSE
WI,2024Q3,22.096,TRUE,FALSE
WI,2024Q4,27.46,TRUE,FALSE
WI,2025Q1,33.14,TRUE,FALSE
WI,2025Q2,40.347,TRUE,FALSE
WI,2025Q3,45.64,TRUE,FALSE
WI,2025Q4,48.142,TRUE,FALSE
WI,2026Q1,54.579,TRUE,TRUE
WV,2018Q1,0,FALSE,FALSE
WV,2018Q2,0,FALSE,FALSE
WV,2018Q3,0,FALSE,FALSE
WV,2018Q4,0,FALSE,FALSE
WV,2019Q1,0,FALSE,FALSE
WV,2019Q2,0,FALSE,FALSE
WV,2019Q3,0,FALSE,FALSE
WV,2019Q4,0,FALSE,FALSE
WV,2020Q1,0,FALSE,FALSE
WV,2020Q2,0,FALSE,FALSE
WV,2020Q3,0,FALSE,FALSE
WV,2020Q4,0,FALSE,FALSE
WV,2021Q1,0,FALSE,FALSE
WV,2021Q2,0,FALSE,FALSE
WV,2021Q3,0,FALSE,FALSE
WV,2021Q4,0,FALSE,FALSE
WV,2022Q1,0,FALSE,FALSE
WV,2022Q2,0,FALSE,FALSE
WV,2022Q3,0,FALSE,FALSE
WV,2022Q4,0,FALSE,FALSE
WV,2023Q1,0,FALSE,FALSE
WV,2023Q2,0,FALSE,FALSE
WV,2023Q3,0,FALSE,FALSE
WV,2023Q4,0,FALSE,FALSE
WV,2024Q1,0,FALSE,FALSE
WV,2024Q2,0,FALSE,FALSE
WV,2024Q3,0,FALSE,FALSE
WV,2024Q4,0,FALSE,FALSE
WV,2025Q1,0.026,FALSE,FALSE
WV,2025Q2,0.125,FALSE,FALSE
WV,2025Q3,0.098,FALSE,FALSE
WV,2025Q4,0.423,FALSE,FALSE
WV,2026Q1,0.991,FALSE,TRUE
WY,2018Q1,0,FALSE,FALSE
WY,2018Q2,0,FALSE,FALSE
WY,2018Q3,0,FALSE,FALSE
WY,2018Q4,0,FALSE,FALSE
WY,2019Q1,0,FALSE,FALSE
WY,2019Q2,0,FALSE,FALSE
WY,2019Q3,0,FALSE,FALSE
WY,2019Q4,0,FALSE,FALSE
WY,2020Q1,0,FALSE,FALSE
WY,2020Q2,0,FALSE,FALSE
WY,2020Q3,0,FALSE,FALSE
WY,2020Q4,0,FALSE,FALSE
WY,2021Q1,0,FALSE,FALSE
WY,2021Q2,0,FALSE,FALSE
WY,2021Q3,0,FALSE,FALSE
WY,2021Q4,0,FALSE,FALSE
WY,2022Q1,0,FALSE,FALSE
WY,2022Q2,0,FALSE,FALSE
WY,2022Q3,0,FALSE,FALSE
WY,2022Q4,0,FALSE,FALSE
WY,2023Q1,0,FALSE,FALSE
WY,2023Q2,0,FALSE,FALSE
WY,2023Q3,0,FALSE,FALSE
WY,2023Q4,0,FALSE,FALSE
WY,2024Q1,0,FALSE,FALSE
WY,2024Q2,0,FALSE,FALSE
WY,2024Q3,0,FALSE,FALSE
WY,2024Q4,0,FALSE,FALSE
WY,2025Q1,0,FALSE,FALSE
WY,2025Q2,0.864,FALSE,FALSE
WY,2025Q3,1.372,FALSE,FALSE
WY,2025Q4,0.257,FALSE,FALSE
WY,2026Q1,6.02,FALSE,TRUE
