state_code,analysis_group,first_treated_quarter,start_quarter_earliest,start_quarter_latest,withdrew
AK,never_treated,NA,NA,NA,FALSE
AL,never_treated,NA,NA,NA,FALSE
AR,never_treated,NA,NA,NA,FALSE
AZ,never_treated,NA,NA,NA,FALSE
CA,primary,2023Q1,2023Q1,2023Q1,TRUE
CO,never_treated,NA,NA,NA,FALSE
CT,never_treated,NA,NA,NA,FALSE
DC,never_treated,NA,NA,NA,FALSE
DE,sensitivity,NA,2021Q2,2022Q3,FALSE
FL,never_treated,NA,NA,NA,FALSE
GA,never_treated,NA,NA,NA,FALSE
HI,never_treated,NA,NA,NA,FALSE
IA,never_treated,NA,NA,NA,FALSE
ID,never_treated,NA,NA,NA,FALSE
IL,never_treated,NA,NA,NA,FALSE
IN,never_treated,NA,NA,NA,FALSE
KS,primary,2021Q3,2021Q3,2021Q3,FALSE
KY,never_treated,NA,NA,NA,FALSE
LA,never_treated,NA,NA,NA,FALSE
MA,primary,2024Q1,2024Q1,2024Q1,FALSE
MD,never_treated,NA,NA,NA,FALSE
ME,never_treated,NA,NA,NA,FALSE
MI,primary,2022Q1,2022Q1,2022Q1,FALSE
MN,sensitivity,NA,2021Q3,2022Q1,FALSE
MO,sensitivity,NA,2024Q4,2025Q1,FALSE
MS,primary,2023Q3,2023Q3,2023Q3,FALSE
MT,never_treated,NA,NA,NA,FALSE
NC,primary,2024Q3,2024Q3,2024Q3,TRUE
ND,never_treated,NA,NA,NA,FALSE
NE,never_treated,NA,NA,NA,FALSE
NH,sensitivity,NA,2021Q2,2023Q3,TRUE
NJ,never_treated,NA,NA,NA,FALSE
NM,never_treated,NA,NA,NA,FALSE
NV,never_treated,NA,NA,NA,FALSE
NY,never_treated,NA,NA,NA,FALSE
OH,never_treated,NA,NA,NA,FALSE
OK,never_treated,NA,NA,NA,FALSE
OR,never_treated,NA,NA,NA,FALSE
PA,primary,2023Q1,2023Q1,2023Q1,TRUE
RI,primary,2023Q4,2023Q4,2023Q4,FALSE
SC,primary,2024Q4,2024Q4,2024Q4,TRUE
SD,never_treated,NA,NA,NA,FALSE
TN,primary,2025Q3,2025Q3,2025Q3,FALSE
TX,never_treated,NA,NA,NA,FALSE
UT,sensitivity,NA,2024Q4,2025Q4,FALSE
VA,sensitivity,NA,2021Q2,2022Q2,FALSE
VT,never_treated,NA,NA,NA,FALSE
WA,never_treated,NA,NA,NA,FALSE
WI,sensitivity,NA,2021Q3,2023Q1,FALSE
WV,never_treated,NA,NA,NA,FALSE
WY,never_treated,NA,NA,NA,FALSE
