"figure","check","ok","detail"
"01_coverage_timing_map","all variants exist",TRUE,""
"01_coverage_timing_map","report image is 300 dpi at the saved size",TRUE,"3300 x 2250"
"01_coverage_timing_map","deck image is 200 dpi at the slide-area size",TRUE,"1600 x 919 (expected 1600 x 920)"
"01_coverage_timing_map","deck text at least 13 pt",TRUE,"13.1"
"01_coverage_timing_map","no ggrepel overlap warnings in the deck variant",TRUE,"0"
"01_coverage_timing_map","web image same aspect ratio and at most 300 KB",TRUE,"34 KB"
"01_coverage_timing_map","title at most two lines",TRUE,"2"
"01_coverage_timing_map","subtitle at most two lines",TRUE,"2"
"01_coverage_timing_map","source line at most two lines",TRUE,"1"
"01_coverage_timing_map","smallest direct label at least 10 pt",TRUE,"13.1"
"01_coverage_timing_map","no ggrepel overlap warnings (no unlabeled data points)",TRUE,"0"
"01_coverage_timing_map","no ink at the image border (report)",TRUE,"0"
"01_coverage_timing_map","no ink at the image border (deck)",TRUE,"0"
"01_coverage_timing_map","no ink at the image border (web)",TRUE,"0"
"01_coverage_timing_map","alt text exists",TRUE,""
"02_adoption_timeline","all variants exist",TRUE,""
"02_adoption_timeline","report image is 300 dpi at the saved size",TRUE,"3300 x 1950"
"02_adoption_timeline","web image same aspect ratio and at most 300 KB",TRUE,"27 KB"
"02_adoption_timeline","title at most two lines",TRUE,"2"
"02_adoption_timeline","subtitle at most two lines",TRUE,"2"
"02_adoption_timeline","source line at most two lines",TRUE,"1"
"02_adoption_timeline","smallest direct label at least 10 pt",TRUE,"13.1"
"02_adoption_timeline","no ggrepel overlap warnings (no unlabeled data points)",TRUE,"0"
"02_adoption_timeline","no ink at the image border (report)",TRUE,"0"
"02_adoption_timeline","no ink at the image border (web)",TRUE,"0"
"02_adoption_timeline","alt text exists",TRUE,""
"03_raw_trends_by_cohort","all variants exist",TRUE,""
"03_raw_trends_by_cohort","report image is 300 dpi at the saved size",TRUE,"3600 x 2850"
"03_raw_trends_by_cohort","web image same aspect ratio and at most 300 KB",TRUE,"81 KB"
"03_raw_trends_by_cohort","title at most two lines",TRUE,"2"
"03_raw_trends_by_cohort","subtitle at most two lines",TRUE,"2"
"03_raw_trends_by_cohort","source line at most two lines",TRUE,"1"
"03_raw_trends_by_cohort","smallest direct label at least 10 pt",TRUE,NA
"03_raw_trends_by_cohort","no ggrepel overlap warnings (no unlabeled data points)",TRUE,"0"
"03_raw_trends_by_cohort","no ink at the image border (report)",TRUE,"0"
"03_raw_trends_by_cohort","no ink at the image border (web)",TRUE,"0"
"03_raw_trends_by_cohort","alt text exists",TRUE,""
"04_suppression_share","all variants exist",TRUE,""
"04_suppression_share","report image is 300 dpi at the saved size",TRUE,"2700 x 1650"
"04_suppression_share","web image same aspect ratio and at most 300 KB",TRUE,"25 KB"
"04_suppression_share","title at most two lines",TRUE,"2"
"04_suppression_share","subtitle at most two lines",TRUE,"2"
"04_suppression_share","source line at most two lines",TRUE,"1"
"04_suppression_share","smallest direct label at least 10 pt",TRUE,"13.1"
"04_suppression_share","no ggrepel overlap warnings (no unlabeled data points)",TRUE,"0"
"04_suppression_share","no ink at the image border (report)",TRUE,"0"
"04_suppression_share","no ink at the image border (web)",TRUE,"0"
"04_suppression_share","alt text exists",TRUE,""
"05_withdrawal_descriptive","all variants exist",TRUE,""
"05_withdrawal_descriptive","report image is 300 dpi at the saved size",TRUE,"3600 x 2700"
"05_withdrawal_descriptive","web image same aspect ratio and at most 300 KB",TRUE,"57 KB"
"05_withdrawal_descriptive","title at most two lines",TRUE,"2"
"05_withdrawal_descriptive","subtitle at most two lines",TRUE,"2"
"05_withdrawal_descriptive","source line at most two lines",TRUE,"1"
"05_withdrawal_descriptive","smallest direct label at least 10 pt",TRUE,"13.1"
"05_withdrawal_descriptive","no ggrepel overlap warnings (no unlabeled data points)",TRUE,"0"
"05_withdrawal_descriptive","no ink at the image border (report)",TRUE,"0"
"05_withdrawal_descriptive","no ink at the image border (web)",TRUE,"0"
"05_withdrawal_descriptive","alt text exists",TRUE,""
"06_managed_care_split","all variants exist",TRUE,""
"06_managed_care_split","report image is 300 dpi at the saved size",TRUE,"3000 x 1650"
"06_managed_care_split","deck image is 200 dpi at the slide-area size",TRUE,"1600 x 919 (expected 1600 x 920)"
"06_managed_care_split","deck text at least 13 pt",TRUE,NA
"06_managed_care_split","no ggrepel overlap warnings in the deck variant",TRUE,"0"
"06_managed_care_split","web image same aspect ratio and at most 300 KB",TRUE,"25 KB"
"06_managed_care_split","title at most two lines",TRUE,"2"
"06_managed_care_split","subtitle at most two lines",TRUE,"0"
"06_managed_care_split","source line at most two lines",TRUE,"1"
"06_managed_care_split","smallest direct label at least 10 pt",TRUE,NA
"06_managed_care_split","no ggrepel overlap warnings (no unlabeled data points)",TRUE,"0"
"06_managed_care_split","no ink at the image border (report)",TRUE,"0"
"06_managed_care_split","no ink at the image border (deck)",TRUE,"0"
"06_managed_care_split","no ink at the image border (web)",TRUE,"0"
"06_managed_care_split","alt text exists",TRUE,""
"10_event_study_primary","all variants exist",TRUE,""
"10_event_study_primary","report image is 300 dpi at the saved size",TRUE,"3300 x 2040"
"10_event_study_primary","deck image is 200 dpi at the slide-area size",TRUE,"2460 x 660 (expected 2460 x 660)"
"10_event_study_primary","deck text at least 13 pt",TRUE,NA
"10_event_study_primary","no ggrepel overlap warnings in the deck variant",TRUE,"0"
"10_event_study_primary","web image same aspect ratio and at most 300 KB",TRUE,"25 KB"
"10_event_study_primary","title at most two lines",TRUE,"2"
"10_event_study_primary","subtitle at most two lines",TRUE,"1"
"10_event_study_primary","source line at most two lines",TRUE,"1"
"10_event_study_primary","smallest direct label at least 10 pt",TRUE,"13.1"
"10_event_study_primary","no ggrepel overlap warnings (no unlabeled data points)",TRUE,"0"
"10_event_study_primary","no ink at the image border (report)",TRUE,"0"
"10_event_study_primary","no ink at the image border (deck)",TRUE,"0"
"10_event_study_primary","no ink at the image border (web)",TRUE,"0"
"10_event_study_primary","alt text exists",TRUE,""
"11_specification_chart","all variants exist",TRUE,""
"11_specification_chart","report image is 300 dpi at the saved size",TRUE,"3300 x 2100"
"11_specification_chart","deck image is 200 dpi at the slide-area size",TRUE,"1600 x 919 (expected 1600 x 920)"
"11_specification_chart","deck text at least 13 pt",TRUE,NA
"11_specification_chart","no ggrepel overlap warnings in the deck variant",TRUE,"0"
"11_specification_chart","web image same aspect ratio and at most 300 KB",TRUE,"35 KB"
"11_specification_chart","title at most two lines",TRUE,"2"
"11_specification_chart","subtitle at most two lines",TRUE,"1"
"11_specification_chart","source line at most two lines",TRUE,"1"
"11_specification_chart","smallest direct label at least 10 pt",TRUE,NA
"11_specification_chart","no ggrepel overlap warnings (no unlabeled data points)",TRUE,"0"
"11_specification_chart","no ink at the image border (report)",TRUE,"0"
"11_specification_chart","no ink at the image border (deck)",TRUE,"0"
"11_specification_chart","no ink at the image border (web)",TRUE,"0"
"11_specification_chart","alt text exists",TRUE,""
"12_honestdid","all variants exist",TRUE,""
"12_honestdid","report image is 300 dpi at the saved size",TRUE,"2700 x 1800"
"12_honestdid","web image same aspect ratio and at most 300 KB",TRUE,"18 KB"
"12_honestdid","title at most two lines",TRUE,"2"
"12_honestdid","subtitle at most two lines",TRUE,"2"
"12_honestdid","source line at most two lines",TRUE,"1"
"12_honestdid","smallest direct label at least 10 pt",TRUE,NA
"12_honestdid","no ggrepel overlap warnings (no unlabeled data points)",TRUE,"0"
"12_honestdid","no ink at the image border (report)",TRUE,"0"
"12_honestdid","no ink at the image border (web)",TRUE,"0"
"12_honestdid","alt text exists",TRUE,""
"13_secondary_outcomes","all variants exist",TRUE,""
"13_secondary_outcomes","report image is 300 dpi at the saved size",TRUE,"2700 x 3000"
"13_secondary_outcomes","web image same aspect ratio and at most 300 KB",TRUE,"38 KB"
"13_secondary_outcomes","title at most two lines",TRUE,"2"
"13_secondary_outcomes","subtitle at most two lines",TRUE,"1"
"13_secondary_outcomes","source line at most two lines",TRUE,"1"
"13_secondary_outcomes","smallest direct label at least 10 pt",TRUE,NA
"13_secondary_outcomes","no ggrepel overlap warnings (no unlabeled data points)",TRUE,"0"
"13_secondary_outcomes","no ink at the image border (report)",TRUE,"0"
"13_secondary_outcomes","no ink at the image border (web)",TRUE,"0"
"13_secondary_outcomes","alt text exists",TRUE,""
"20_funnel","all variants exist",TRUE,""
"20_funnel","report image is 300 dpi at the saved size",TRUE,"3600 x 2400"
"20_funnel","deck image is 200 dpi at the slide-area size",TRUE,"1600 x 919 (expected 1600 x 920)"
"20_funnel","deck text at least 13 pt",TRUE,"13.1"
"20_funnel","no ggrepel overlap warnings in the deck variant",TRUE,"0"
"20_funnel","web image same aspect ratio and at most 300 KB",TRUE,"53 KB"
"20_funnel","title at most two lines",TRUE,"2"
"20_funnel","subtitle at most two lines",TRUE,"2"
"20_funnel","source line at most two lines",TRUE,"1"
"20_funnel","smallest direct label at least 10 pt",TRUE,"13.1"
"20_funnel","no ggrepel overlap warnings (no unlabeled data points)",TRUE,"0"
"20_funnel","no ink at the image border (report)",TRUE,"0"
"20_funnel","no ink at the image border (deck)",TRUE,"0"
"20_funnel","no ink at the image border (web)",TRUE,"0"
"20_funnel","alt text exists",TRUE,""
"21_forecast_fan","all variants exist",TRUE,""
"21_forecast_fan","report image is 300 dpi at the saved size",TRUE,"3300 x 1950"
"21_forecast_fan","web image same aspect ratio and at most 300 KB",TRUE,"36 KB"
"21_forecast_fan","title at most two lines",TRUE,"2"
"21_forecast_fan","subtitle at most two lines",TRUE,"2"
"21_forecast_fan","source line at most two lines",TRUE,"2"
"21_forecast_fan","smallest direct label at least 10 pt",TRUE,"13.1"
"21_forecast_fan","no ggrepel overlap warnings (no unlabeled data points)",TRUE,"0"
"21_forecast_fan","no ink at the image border (report)",TRUE,"0"
"21_forecast_fan","no ink at the image border (web)",TRUE,"0"
"21_forecast_fan","alt text exists",TRUE,""
"30_partd_claims_prescribers","all variants exist",TRUE,""
"30_partd_claims_prescribers","report image is 300 dpi at the saved size",TRUE,"3300 x 1650"
"30_partd_claims_prescribers","web image same aspect ratio and at most 300 KB",TRUE,"20 KB"
"30_partd_claims_prescribers","title at most two lines",TRUE,"2"
"30_partd_claims_prescribers","subtitle at most two lines",TRUE,"1"
"30_partd_claims_prescribers","source line at most two lines",TRUE,"2"
"30_partd_claims_prescribers","smallest direct label at least 10 pt",TRUE,NA
"30_partd_claims_prescribers","no ggrepel overlap warnings (no unlabeled data points)",TRUE,"0"
"30_partd_claims_prescribers","no ink at the image border (report)",TRUE,"0"
"30_partd_claims_prescribers","no ink at the image border (web)",TRUE,"0"
"30_partd_claims_prescribers","alt text exists",TRUE,""
"31_partd_specialty_mix","all variants exist",TRUE,""
"31_partd_specialty_mix","report image is 300 dpi at the saved size",TRUE,"3000 x 1800"
"31_partd_specialty_mix","deck image is 200 dpi at the slide-area size",TRUE,"1600 x 919 (expected 1600 x 920)"
"31_partd_specialty_mix","deck text at least 13 pt",TRUE,NA
"31_partd_specialty_mix","no ggrepel overlap warnings in the deck variant",TRUE,"0"
"31_partd_specialty_mix","web image same aspect ratio and at most 300 KB",TRUE,"19 KB"
"31_partd_specialty_mix","title at most two lines",TRUE,"2"
"31_partd_specialty_mix","subtitle at most two lines",TRUE,"2"
"31_partd_specialty_mix","source line at most two lines",TRUE,"2"
"31_partd_specialty_mix","smallest direct label at least 10 pt",TRUE,NA
"31_partd_specialty_mix","no ggrepel overlap warnings (no unlabeled data points)",TRUE,"0"
"31_partd_specialty_mix","no ink at the image border (report)",TRUE,"0"
"31_partd_specialty_mix","no ink at the image border (deck)",TRUE,"0"
"31_partd_specialty_mix","no ink at the image border (web)",TRUE,"0"
"31_partd_specialty_mix","alt text exists",TRUE,""
"32_partd_concentration","all variants exist",TRUE,""
"32_partd_concentration","report image is 300 dpi at the saved size",TRUE,"3300 x 1740"
"32_partd_concentration","web image same aspect ratio and at most 300 KB",TRUE,"31 KB"
"32_partd_concentration","title at most two lines",TRUE,"2"
"32_partd_concentration","subtitle at most two lines",TRUE,"2"
"32_partd_concentration","source line at most two lines",TRUE,"2"
"32_partd_concentration","smallest direct label at least 10 pt",TRUE,NA
"32_partd_concentration","no ggrepel overlap warnings (no unlabeled data points)",TRUE,"0"
"32_partd_concentration","no ink at the image border (report)",TRUE,"0"
"32_partd_concentration","no ink at the image border (web)",TRUE,"0"
"32_partd_concentration","alt text exists",TRUE,""
"33_partd_tirzepatide_adoption","all variants exist",TRUE,""
"33_partd_tirzepatide_adoption","report image is 300 dpi at the saved size",TRUE,"2700 x 1800"
"33_partd_tirzepatide_adoption","deck image is 200 dpi at the slide-area size",TRUE,"1600 x 919 (expected 1600 x 920)"
"33_partd_tirzepatide_adoption","deck text at least 13 pt",TRUE,NA
"33_partd_tirzepatide_adoption","no ggrepel overlap warnings in the deck variant",TRUE,"0"
"33_partd_tirzepatide_adoption","web image same aspect ratio and at most 300 KB",TRUE,"24 KB"
"33_partd_tirzepatide_adoption","title at most two lines",TRUE,"2"
"33_partd_tirzepatide_adoption","subtitle at most two lines",TRUE,"2"
"33_partd_tirzepatide_adoption","source line at most two lines",TRUE,"2"
"33_partd_tirzepatide_adoption","smallest direct label at least 10 pt",TRUE,NA
"33_partd_tirzepatide_adoption","no ggrepel overlap warnings (no unlabeled data points)",TRUE,"0"
"33_partd_tirzepatide_adoption","no ink at the image border (report)",TRUE,"0"
"33_partd_tirzepatide_adoption","no ink at the image border (deck)",TRUE,"0"
"33_partd_tirzepatide_adoption","no ink at the image border (web)",TRUE,"0"
"33_partd_tirzepatide_adoption","alt text exists",TRUE,""
"34_partd_wegovy_vs_ozempic_specialty","all variants exist",TRUE,""
"34_partd_wegovy_vs_ozempic_specialty","report image is 300 dpi at the saved size",TRUE,"3000 x 1650"
"34_partd_wegovy_vs_ozempic_specialty","deck image is 200 dpi at the slide-area size",TRUE,"1600 x 919 (expected 1600 x 920)"
"34_partd_wegovy_vs_ozempic_specialty","deck text at least 13 pt",TRUE,"13.1"
"34_partd_wegovy_vs_ozempic_specialty","no ggrepel overlap warnings in the deck variant",TRUE,"0"
"34_partd_wegovy_vs_ozempic_specialty","web image same aspect ratio and at most 300 KB",TRUE,"23 KB"
"34_partd_wegovy_vs_ozempic_specialty","title at most two lines",TRUE,"2"
"34_partd_wegovy_vs_ozempic_specialty","subtitle at most two lines",TRUE,"2"
"34_partd_wegovy_vs_ozempic_specialty","source line at most two lines",TRUE,"2"
"34_partd_wegovy_vs_ozempic_specialty","smallest direct label at least 10 pt",TRUE,"13.1"
"34_partd_wegovy_vs_ozempic_specialty","no ggrepel overlap warnings (no unlabeled data points)",TRUE,"0"
"34_partd_wegovy_vs_ozempic_specialty","no ink at the image border (report)",TRUE,"0"
"34_partd_wegovy_vs_ozempic_specialty","no ink at the image border (deck)",TRUE,"0"
"34_partd_wegovy_vs_ozempic_specialty","no ink at the image border (web)",TRUE,"0"
"34_partd_wegovy_vs_ozempic_specialty","alt text exists",TRUE,""
"35_partd_segments","all variants exist",TRUE,""
"35_partd_segments","report image is 300 dpi at the saved size",TRUE,"4500 x 1140"
"35_partd_segments","web image same aspect ratio and at most 300 KB",TRUE,"27 KB"
"35_partd_segments","title at most two lines",TRUE,"2"
"35_partd_segments","subtitle at most two lines",TRUE,"1"
"35_partd_segments","source line at most two lines",TRUE,"2"
"35_partd_segments","smallest direct label at least 10 pt",TRUE,"13.1"
"35_partd_segments","no ggrepel overlap warnings (no unlabeled data points)",TRUE,"0"
"35_partd_segments","no ink at the image border (report)",TRUE,"0"
"35_partd_segments","no ink at the image border (web)",TRUE,"0"
"35_partd_segments","alt text exists",TRUE,""
"35_partd_segments_k5","all variants exist",TRUE,""
"35_partd_segments_k5","report image is 300 dpi at the saved size",TRUE,"4500 x 1650"
"35_partd_segments_k5","web image same aspect ratio and at most 300 KB",TRUE,"42 KB"
"35_partd_segments_k5","title at most two lines",TRUE,"2"
"35_partd_segments_k5","subtitle at most two lines",TRUE,"1"
"35_partd_segments_k5","source line at most two lines",TRUE,"2"
"35_partd_segments_k5","smallest direct label at least 10 pt",TRUE,"13.1"
"35_partd_segments_k5","no ggrepel overlap warnings (no unlabeled data points)",TRUE,"0"
"35_partd_segments_k5","no ink at the image border (report)",TRUE,"0"
"35_partd_segments_k5","no ink at the image border (web)",TRUE,"0"
"35_partd_segments_k5","alt text exists",TRUE,""
"36_payments_binned","all variants exist",TRUE,""
"36_payments_binned","report image is 300 dpi at the saved size",TRUE,"3000 x 1860"
"36_payments_binned","web image same aspect ratio and at most 300 KB",TRUE,"26 KB"
"36_payments_binned","title at most two lines",TRUE,"2"
"36_payments_binned","subtitle at most two lines",TRUE,"2"
"36_payments_binned","source line at most two lines",TRUE,"2"
"36_payments_binned","smallest direct label at least 10 pt",TRUE,"13.1"
"36_payments_binned","no ggrepel overlap warnings (no unlabeled data points)",TRUE,"0"
"36_payments_binned","no ink at the image border (report)",TRUE,"0"
"36_payments_binned","no ink at the image border (web)",TRUE,"0"
"36_payments_binned","alt text exists",TRUE,""
"40_tornado","all variants exist",TRUE,""
"40_tornado","report image is 300 dpi at the saved size",TRUE,"3300 x 1800"
"40_tornado","deck image is 200 dpi at the slide-area size",TRUE,"1600 x 919 (expected 1600 x 920)"
"40_tornado","deck text at least 13 pt",TRUE,"13.1"
"40_tornado","no ggrepel overlap warnings in the deck variant",TRUE,"0"
"40_tornado","web image same aspect ratio and at most 300 KB",TRUE,"32 KB"
"40_tornado","title at most two lines",TRUE,"2"
"40_tornado","subtitle at most two lines",TRUE,"2"
"40_tornado","source line at most two lines",TRUE,"2"
"40_tornado","smallest direct label at least 10 pt",TRUE,"13.1"
"40_tornado","no ggrepel overlap warnings (no unlabeled data points)",TRUE,"0"
"40_tornado","no ink at the image border (report)",TRUE,"0"
"40_tornado","no ink at the image border (deck)",TRUE,"0"
"40_tornado","no ink at the image border (web)",TRUE,"0"
"40_tornado","alt text exists",TRUE,""
"41_waterfall_pmpm","all variants exist",TRUE,""
"41_waterfall_pmpm","report image is 300 dpi at the saved size",TRUE,"3300 x 1800"
"41_waterfall_pmpm","deck image is 200 dpi at the slide-area size",TRUE,"1600 x 919 (expected 1600 x 920)"
"41_waterfall_pmpm","deck text at least 13 pt",TRUE,"13.1"
"41_waterfall_pmpm","no ggrepel overlap warnings in the deck variant",TRUE,"0"
"41_waterfall_pmpm","web image same aspect ratio and at most 300 KB",TRUE,"23 KB"
"41_waterfall_pmpm","title at most two lines",TRUE,"2"
"41_waterfall_pmpm","subtitle at most two lines",TRUE,"2"
"41_waterfall_pmpm","source line at most two lines",TRUE,"2"
"41_waterfall_pmpm","smallest direct label at least 10 pt",TRUE,"13.1"
"41_waterfall_pmpm","no ggrepel overlap warnings (no unlabeled data points)",TRUE,"0"
"41_waterfall_pmpm","no ink at the image border (report)",TRUE,"0"
"41_waterfall_pmpm","no ink at the image border (deck)",TRUE,"0"
"41_waterfall_pmpm","no ink at the image border (web)",TRUE,"0"
"41_waterfall_pmpm","alt text exists",TRUE,""
"42_cost_by_scenario","all variants exist",TRUE,""
"42_cost_by_scenario","report image is 300 dpi at the saved size",TRUE,"3300 x 1800"
"42_cost_by_scenario","deck image is 200 dpi at the slide-area size",TRUE,"1600 x 919 (expected 1600 x 920)"
"42_cost_by_scenario","deck text at least 13 pt",TRUE,"13.1"
"42_cost_by_scenario","no ggrepel overlap warnings in the deck variant",TRUE,"0"
"42_cost_by_scenario","web image same aspect ratio and at most 300 KB",TRUE,"28 KB"
"42_cost_by_scenario","title at most two lines",TRUE,"2"
"42_cost_by_scenario","subtitle at most two lines",TRUE,"2"
"42_cost_by_scenario","source line at most two lines",TRUE,"2"
"42_cost_by_scenario","smallest direct label at least 10 pt",TRUE,"13.1"
"42_cost_by_scenario","no ggrepel overlap warnings (no unlabeled data points)",TRUE,"0"
"42_cost_by_scenario","no ink at the image border (report)",TRUE,"0"
"42_cost_by_scenario","no ink at the image border (deck)",TRUE,"0"
"42_cost_by_scenario","no ink at the image border (web)",TRUE,"0"
"42_cost_by_scenario","alt text exists",TRUE,""
"43_psa_distribution","all variants exist",TRUE,""
"43_psa_distribution","report image is 300 dpi at the saved size",TRUE,"3000 x 1740"
"43_psa_distribution","web image same aspect ratio and at most 300 KB",TRUE,"16 KB"
"43_psa_distribution","title at most two lines",TRUE,"2"
"43_psa_distribution","subtitle at most two lines",TRUE,"1"
"43_psa_distribution","source line at most two lines",TRUE,"2"
"43_psa_distribution","smallest direct label at least 10 pt",TRUE,NA
"43_psa_distribution","no ggrepel overlap warnings (no unlabeled data points)",TRUE,"0"
"43_psa_distribution","no ink at the image border (report)",TRUE,"0"
"43_psa_distribution","no ink at the image border (web)",TRUE,"0"
"43_psa_distribution","alt text exists",TRUE,""
"50_spending_trend","all variants exist",TRUE,""
"50_spending_trend","report image is 300 dpi at the saved size",TRUE,"3600 x 1860"
"50_spending_trend","deck image is 200 dpi at the slide-area size",TRUE,"1600 x 919 (expected 1600 x 920)"
"50_spending_trend","deck text at least 13 pt",TRUE,"13.1"
"50_spending_trend","no ggrepel overlap warnings in the deck variant",TRUE,"0"
"50_spending_trend","web image same aspect ratio and at most 300 KB",TRUE,"56 KB"
"50_spending_trend","title at most two lines",TRUE,"2"
"50_spending_trend","subtitle at most two lines",TRUE,"0"
"50_spending_trend","source line at most two lines",TRUE,"1"
"50_spending_trend","smallest direct label at least 10 pt",TRUE,"13.1"
"50_spending_trend","no ggrepel overlap warnings (no unlabeled data points)",TRUE,"0"
"50_spending_trend","no ink at the image border (report)",TRUE,"0"
"50_spending_trend","no ink at the image border (deck)",TRUE,"0"
"50_spending_trend","no ink at the image border (web)",TRUE,"0"
"50_spending_trend","alt text exists",TRUE,""
"51_timeline","all variants exist",TRUE,""
"51_timeline","report image is 300 dpi at the saved size",TRUE,"3600 x 2520"
"51_timeline","deck image is 200 dpi at the slide-area size",TRUE,"2460 x 980 (expected 2460 x 980)"
"51_timeline","deck text at least 13 pt",TRUE,"13.1"
"51_timeline","no ggrepel overlap warnings in the deck variant",TRUE,"0"
"51_timeline","web image same aspect ratio and at most 300 KB",TRUE,"53 KB"
"51_timeline","title at most two lines",TRUE,"2"
"51_timeline","subtitle at most two lines",TRUE,"1"
"51_timeline","source line at most two lines",TRUE,"2"
"51_timeline","smallest direct label at least 10 pt",TRUE,"10.2"
"51_timeline","no ggrepel overlap warnings (no unlabeled data points)",TRUE,"0"
"51_timeline","no ink at the image border (report)",TRUE,"0"
"51_timeline","no ink at the image border (deck)",TRUE,"0"
"51_timeline","no ink at the image border (web)",TRUE,"0"
"51_timeline","alt text exists",TRUE,""
"52_sdud_reporting_suppression","all variants exist",TRUE,""
"52_sdud_reporting_suppression","report image is 300 dpi at the saved size",TRUE,"3600 x 4500"
"52_sdud_reporting_suppression","web image same aspect ratio and at most 300 KB",TRUE,"57 KB"
"52_sdud_reporting_suppression","title at most two lines",TRUE,"2"
"52_sdud_reporting_suppression","subtitle at most two lines",TRUE,"0"
"52_sdud_reporting_suppression","source line at most two lines",TRUE,"1"
"52_sdud_reporting_suppression","smallest direct label at least 10 pt",TRUE,NA
"52_sdud_reporting_suppression","no ggrepel overlap warnings (no unlabeled data points)",TRUE,"0"
"52_sdud_reporting_suppression","no ink at the image border (report)",TRUE,"0"
"52_sdud_reporting_suppression","no ink at the image border (web)",TRUE,"0"
"52_sdud_reporting_suppression","alt text exists",TRUE,""
"53_rate_map_2025Q3","all variants exist",TRUE,""
"53_rate_map_2025Q3","report image is 300 dpi at the saved size",TRUE,"3300 x 2250"
"53_rate_map_2025Q3","web image same aspect ratio and at most 300 KB",TRUE,"39 KB"
"53_rate_map_2025Q3","title at most two lines",TRUE,"2"
"53_rate_map_2025Q3","subtitle at most two lines",TRUE,"2"
"53_rate_map_2025Q3","source line at most two lines",TRUE,"1"
"53_rate_map_2025Q3","smallest direct label at least 10 pt",TRUE,"13.1"
"53_rate_map_2025Q3","no ggrepel overlap warnings (no unlabeled data points)",TRUE,"0"
"53_rate_map_2025Q3","no ink at the image border (report)",TRUE,"0"
"53_rate_map_2025Q3","no ink at the image border (web)",TRUE,"0"
"53_rate_map_2025Q3","alt text exists",TRUE,""
"54_trial_weight_change","all variants exist",TRUE,""
"54_trial_weight_change","report image is 300 dpi at the saved size",TRUE,"3000 x 1860"
"54_trial_weight_change","deck image is 200 dpi at the slide-area size",TRUE,"1600 x 919 (expected 1600 x 920)"
"54_trial_weight_change","deck text at least 13 pt",TRUE,"13.1"
"54_trial_weight_change","no ggrepel overlap warnings in the deck variant",TRUE,"0"
"54_trial_weight_change","web image same aspect ratio and at most 300 KB",TRUE,"32 KB"
"54_trial_weight_change","title at most two lines",TRUE,"1"
"54_trial_weight_change","subtitle at most two lines",TRUE,"0"
"54_trial_weight_change","source line at most two lines",TRUE,"1"
"54_trial_weight_change","smallest direct label at least 10 pt",TRUE,"10.2"
"54_trial_weight_change","no ggrepel overlap warnings (no unlabeled data points)",TRUE,"0"
"54_trial_weight_change","no ink at the image border (report)",TRUE,"0"
"54_trial_weight_change","no ink at the image border (deck)",TRUE,"0"
"54_trial_weight_change","no ink at the image border (web)",TRUE,"0"
"54_trial_weight_change","alt text exists",TRUE,""
