cohort,calendar_quarter,event_time,att,se_within,post_launch_cell
2021Q3,2018Q1,-14,7.729146347099586e-5,9.408954150307391e-5,FALSE
2021Q3,2018Q2,-13,7.729146347099586e-5,9.408954150307391e-5,FALSE
2021Q3,2018Q3,-12,7.729146347099586e-5,9.408954150307391e-5,FALSE
2021Q3,2018Q4,-11,7.729146347099586e-5,9.408954150307391e-5,FALSE
2021Q3,2019Q1,-10,7.729146347099586e-5,9.408954150307391e-5,FALSE
2021Q3,2019Q2,-9,7.729146347099586e-5,9.408954150307391e-5,FALSE
2021Q3,2019Q3,-8,7.729146347099586e-5,9.408954150307391e-5,FALSE
2021Q3,2019Q4,-7,7.729146347099586e-5,9.408954150307391e-5,FALSE
2021Q3,2020Q1,-6,7.729146347099586e-5,9.408954150307391e-5,FALSE
2021Q3,2020Q2,-5,7.729146347099586e-5,9.408954150307391e-5,FALSE
2021Q3,2020Q3,-4,7.729146347099586e-5,9.408954150307391e-5,FALSE
2021Q3,2020Q4,-3,7.729146347099586e-5,9.408954150307391e-5,FALSE
2021Q3,2021Q1,-2,7.729146347099586e-5,9.408954150307391e-5,FALSE
2021Q3,2021Q2,-1,0,NA,TRUE
2021Q3,2021Q3,0,0.0321970056019634,0.001221699415603372,TRUE
2021Q3,2021Q4,1,0.3883770110493527,0.0025791134724458026,TRUE
2021Q3,2022Q1,2,0.7659998264708283,0.009851696180219978,TRUE
2021Q3,2022Q2,3,0.8568891905483296,0.012791445301763842,TRUE
2021Q3,2022Q3,4,0.8094752609437725,0.011996844735307878,TRUE
2021Q3,2022Q4,5,0.8256202335873335,0.010663977520806412,TRUE
2021Q3,2023Q1,6,3.654221800136265,0.07886764314717923,TRUE
2021Q3,2023Q2,7,6.633502116508004,0.0956059004582788,TRUE
2021Q3,2023Q3,8,5.5863487418318885,0.08492011105550569,TRUE
2021Q3,2023Q4,9,4.13590460726074,0.01574654533900631,TRUE
2021Q3,2024Q1,10,4.54313039045616,0.013852336411065126,TRUE
2021Q3,2024Q2,11,8.276110789084177,0.028993367385477156,TRUE
2021Q3,2024Q3,12,11.388805299272642,0.05135523071698918,TRUE
2021Q3,2024Q4,13,15.565699204195543,0.08193167078359334,TRUE
2021Q3,2025Q1,14,18.639317571039314,0.08695156664699064,TRUE
2021Q3,2025Q2,15,23.02033272154426,0.1261195131825951,TRUE
2021Q3,2025Q3,16,25.517613658246354,0.18418357197824523,TRUE
2022Q1,2018Q1,-16,4.7863518888382e-4,0.0026568548973099535,FALSE
2022Q1,2018Q2,-15,4.7863518888382e-4,0.0026568548973099535,FALSE
2022Q1,2018Q3,-14,4.7863518888382e-4,0.0026568548973099535,FALSE
2022Q1,2018Q4,-13,4.7863518888382e-4,0.0026568548973099535,FALSE
2022Q1,2019Q1,-12,4.7863518888382e-4,0.0026568548973099535,FALSE
2022Q1,2019Q2,-11,4.7863518888382e-4,0.0026568548973099535,FALSE
2022Q1,2019Q3,-10,4.7863518888382e-4,0.0026568548973099535,FALSE
2022Q1,2019Q4,-9,4.7863518888382e-4,0.0026568548973099535,FALSE
2022Q1,2020Q1,-8,4.7863518888382e-4,0.0026568548973099535,FALSE
2022Q1,2020Q2,-7,4.7863518888382e-4,0.0026568548973099535,FALSE
2022Q1,2020Q3,-6,4.7863518888382e-4,0.0026568548973099535,FALSE
2022Q1,2020Q4,-5,4.7863518888382e-4,0.0026568548973099535,FALSE
2022Q1,2021Q1,-4,4.7863518888382e-4,0.0026568548973099535,FALSE
2022Q1,2021Q2,-3,3.9950345247303875e-4,0.002641455719595997,TRUE
2022Q1,2021Q3,-2,-9.276022540501994e-4,0.0023493574721180164,TRUE
2022Q1,2021Q4,-1,0,NA,TRUE
2022Q1,2022Q1,0,0.2140210606063316,0.007798414576290746,TRUE
2022Q1,2022Q2,1,0.40714609717567823,0.010321029635317884,TRUE
2022Q1,2022Q3,2,0.30922221565024327,0.00963235102693839,TRUE
2022Q1,2022Q4,3,0.41517743744792635,0.008416576225896534,TRUE
2022Q1,2023Q1,4,3.5117917954603195,0.0765562264339772,TRUE
2022Q1,2023Q2,5,7.331096333484717,0.09331211392685769,TRUE
2022Q1,2023Q3,6,6.48545567422422,0.0825901495690909,TRUE
2022Q1,2023Q4,7,6.180594167715418,0.015745112871973426,TRUE
2022Q1,2024Q1,8,7.963715922433776,0.013621028458493768,TRUE
2022Q1,2024Q2,9,16.107443869584365,0.028695585546986195,TRUE
2022Q1,2024Q3,10,23.478503827405444,0.05107024214309454,TRUE
2022Q1,2024Q4,11,26.70494044042263,0.08166300060358714,TRUE
2022Q1,2025Q1,12,31.191418620062443,0.08659510168882206,TRUE
2022Q1,2025Q2,13,38.27225576424736,0.1259279922913371,TRUE
2022Q1,2025Q3,14,43.36145296308803,0.18410603230802375,TRUE
2023Q1,2018Q1,-20,-0.14959244402478436,0.13418720141794066,FALSE
2023Q1,2018Q2,-19,-0.14959244402478436,0.13418720141794066,FALSE
2023Q1,2018Q3,-18,-0.14959244402478436,0.13418720141794066,FALSE
2023Q1,2018Q4,-17,-0.14959244402478436,0.13418720141794066,FALSE
2023Q1,2019Q1,-16,-0.14959244402478436,0.13418720141794066,FALSE
2023Q1,2019Q2,-15,-0.14959244402478436,0.13418720141794066,FALSE
2023Q1,2019Q3,-14,-0.14959244402478436,0.13418720141794066,FALSE
2023Q1,2019Q4,-13,-0.14959244402478436,0.13418720141794066,FALSE
2023Q1,2020Q1,-12,-0.14959244402478436,0.13418720141794066,FALSE
2023Q1,2020Q2,-11,-0.14959244402478436,0.13418720141794066,FALSE
2023Q1,2020Q3,-10,-0.14959244402478436,0.13418720141794066,FALSE
2023Q1,2020Q4,-9,-0.14959244402478436,0.13418720141794066,FALSE
2023Q1,2021Q1,-8,-0.14959244402478436,0.13418720141794066,FALSE
2023Q1,2021Q2,-7,-0.1491825048410406,0.13370828157802167,TRUE
2023Q1,2021Q3,-6,-0.14109469317400739,0.12675160677698888,TRUE
2023Q1,2021Q4,-5,-0.11206000716610838,0.1022970638998882,TRUE
2023Q1,2022Q1,-4,-0.059768065606037236,0.05574023344184142,TRUE
2023Q1,2022Q2,-3,0.034328923389974,0.027482700038401142,TRUE
2023Q1,2022Q3,-2,0.019070369142423698,0.013593429639882476,TRUE
2023Q1,2022Q4,-1,0,NA,TRUE
2023Q1,2023Q1,0,2.2595651006130684,0.7360435897445967,TRUE
2023Q1,2023Q2,1,5.208431793204832,1.451558242832522,TRUE
2023Q1,2023Q3,2,4.928744863327265,0.6561840946479992,TRUE
2023Q1,2023Q4,3,4.369925587603957,1.026281344463362,TRUE
2023Q1,2024Q1,4,5.969919351738173,1.0088545704861365,TRUE
2023Q1,2024Q2,5,11.172150783080912,3.0629663403661707,TRUE
2023Q1,2024Q3,6,19.53445655647542,1.4656042318149107,TRUE
2023Q1,2024Q4,7,22.179933871925677,3.1116197043056135,TRUE
2023Q1,2025Q1,8,28.338274875625693,3.4408448010464565,TRUE
2023Q1,2025Q2,9,32.45718083416568,5.734309466528023,TRUE
2023Q1,2025Q3,10,43.72075987549798,0.18889745439804936,TRUE
2023Q3,2018Q1,-22,0.09682494286062969,0.09796858299863453,FALSE
2023Q3,2018Q2,-21,0.09682494286062969,0.09796858299863453,FALSE
2023Q3,2018Q3,-20,0.09682494286062969,0.09796858299863453,FALSE
2023Q3,2018Q4,-19,0.09682494286062969,0.09796858299863453,FALSE
2023Q3,2019Q1,-18,0.09682494286062969,0.09796858299863453,FALSE
2023Q3,2019Q2,-17,0.09682494286062969,0.09796858299863453,FALSE
2023Q3,2019Q3,-16,0.09682494286062969,0.09796858299863453,FALSE
2023Q3,2019Q4,-15,0.09682494286062969,0.09796858299863453,FALSE
2023Q3,2020Q1,-14,0.09682494286062969,0.09796858299863453,FALSE
2023Q3,2020Q2,-13,0.09682494286062969,0.09796858299863453,FALSE
2023Q3,2020Q3,-12,0.09682494286062969,0.09796858299863453,FALSE
2023Q3,2020Q4,-11,0.09682494286062969,0.09796858299863453,FALSE
2023Q3,2021Q1,-10,0.09682494286062969,0.09796858299863453,FALSE
2023Q3,2021Q2,-9,0.09676380355509208,0.09797036529932382,TRUE
2023Q3,2021Q3,-8,0.0945095595967503,0.0973629242746081,TRUE
2023Q3,2021Q4,-7,0.09273874669297705,0.09572804675226317,TRUE
2023Q3,2022Q1,-6,0.0849189736507651,0.08723847719490617,TRUE
2023Q3,2022Q2,-5,0.0821752839409292,0.08626288693140118,TRUE
2023Q3,2022Q3,-4,0.08921767077029777,0.08788928251113559,TRUE
2023Q3,2022Q4,-3,0.12572322465770894,0.08665866357423013,TRUE
2023Q3,2023Q1,-2,0.21783324605219212,0.017063268439306514,TRUE
2023Q3,2023Q2,-1,0,NA,TRUE
2023Q3,2023Q3,0,0.5043908673913552,0.012794334963515033,TRUE
2023Q3,2023Q4,1,1.281737536837843,0.019871166246131156,TRUE
2023Q3,2024Q1,2,2.547893105101236,0.026427420890423367,TRUE
2023Q3,2024Q2,3,5.0557588963889595,0.02469142993932106,TRUE
2023Q3,2024Q3,4,7.680031515938118,0.03476644480525613,TRUE
2023Q3,2024Q4,5,8.96707120141634,0.06432199683831753,TRUE
2023Q3,2025Q1,6,10.89294149122528,0.07670986671415223,TRUE
2023Q3,2025Q2,7,14.374758625298304,0.12517481479894618,TRUE
2023Q3,2025Q3,8,15.885442487421042,0.18913815230380066,TRUE
2023Q4,2018Q1,-23,-2.2975291581049366,0.03463485072813451,FALSE
2023Q4,2018Q2,-22,-2.2975291581049366,0.03463485072813451,FALSE
2023Q4,2018Q3,-21,-2.2975291581049366,0.03463485072813451,FALSE
2023Q4,2018Q4,-20,-2.2975291581049366,0.03463485072813451,FALSE
2023Q4,2019Q1,-19,-2.2975291581049366,0.03463485072813451,FALSE
2023Q4,2019Q2,-18,-2.2975291581049366,0.03463485072813451,FALSE
2023Q4,2019Q3,-17,-2.2975291581049366,0.03463485072813451,FALSE
2023Q4,2019Q4,-16,-2.2975291581049366,0.03463485072813451,FALSE
2023Q4,2020Q1,-15,-2.2975291581049366,0.03463485072813451,FALSE
2023Q4,2020Q2,-14,-2.2975291581049366,0.03463485072813451,FALSE
2023Q4,2020Q3,-13,-2.2975291581049366,0.03463485072813451,FALSE
2023Q4,2020Q4,-12,-2.2975291581049366,0.03463485072813451,FALSE
2023Q4,2021Q1,-11,-2.2975291581049366,0.03463485072813451,FALSE
2023Q4,2021Q2,-10,-2.297591906339567,0.03464262788278803,TRUE
2023Q4,2021Q3,-9,-2.2831296675196198,0.03468428608374251,TRUE
2023Q4,2021Q4,-8,-2.2365518857657474,0.03480170120770407,TRUE
2023Q4,2022Q1,-7,-2.0070641637573075,0.0348061236364915,TRUE
2023Q4,2022Q2,-6,-1.9805291447546365,0.030365444418411255,TRUE
2023Q4,2022Q3,-5,-2.027305718436122,0.026683548796256968,TRUE
2023Q4,2022Q4,-4,-1.9924912476235026,0.03434808955466714,TRUE
2023Q4,2023Q1,-3,-0.10968322155483146,0.008701851158674528,TRUE
2023Q4,2023Q2,-2,0.34442688451762543,0.005191876733289125,TRUE
2023Q4,2023Q3,-1,0,NA,TRUE
2023Q4,2023Q4,0,-0.0757061844108877,0.018915910392795332,TRUE
2023Q4,2024Q1,1,1.0938545765883114,0.0253623263413078,TRUE
2023Q4,2024Q2,2,2.5585798219650684,0.023757733746841148,TRUE
2023Q4,2024Q3,3,3.512580797314592,0.03937232964931817,TRUE
2023Q4,2024Q4,4,4.449918765591309,0.06994478500454467,TRUE
2023Q4,2025Q1,5,5.682487109205578,0.07961198662734455,TRUE
2023Q4,2025Q2,6,7.713223190701276,0.12622686500042726,TRUE
2023Q4,2025Q3,7,9.347661798648636,0.1886897945390436,TRUE
2024Q1,2018Q1,-24,0.024071353611151862,0.01607020617479418,FALSE
2024Q1,2018Q2,-23,0.024071353611151862,0.01607020617479418,FALSE
2024Q1,2018Q3,-22,0.024071353611151862,0.01607020617479418,FALSE
2024Q1,2018Q4,-21,0.024071353611151862,0.01607020617479418,FALSE
2024Q1,2019Q1,-20,0.024071353611151862,0.01607020617479418,FALSE
2024Q1,2019Q2,-19,0.024071353611151862,0.01607020617479418,FALSE
2024Q1,2019Q3,-18,0.024071353611151862,0.01607020617479418,FALSE
2024Q1,2019Q4,-17,0.024071353611151862,0.01607020617479418,FALSE
2024Q1,2020Q1,-16,0.024071353611151862,0.01607020617479418,FALSE
2024Q1,2020Q2,-15,0.024071353611151862,0.01607020617479418,FALSE
2024Q1,2020Q3,-14,0.024071353611151862,0.01607020617479418,FALSE
2024Q1,2020Q4,-13,0.024071353611151862,0.01607020617479418,FALSE
2024Q1,2021Q1,-12,0.024071353611151862,0.01607020617479418,FALSE
2024Q1,2021Q2,-11,0.02400690947828789,0.016064219735991554,TRUE
2024Q1,2021Q3,-10,0.023732087828375034,0.01611126483183731,TRUE
2024Q1,2021Q4,-9,0.03223645994795704,0.0161564909856301,TRUE
2024Q1,2022Q1,-8,0.02746766567128353,0.01631275924764652,TRUE
2024Q1,2022Q2,-7,0.022677193956340325,0.011856004748671448,TRUE
2024Q1,2022Q3,-6,0.02093737305838645,0.01063865042849837,TRUE
2024Q1,2022Q4,-5,0.024074832029484045,0.01569645070269807,TRUE
2024Q1,2023Q1,-4,-0.004329780443245708,0.010535139903399552,TRUE
2024Q1,2023Q2,-3,-0.0209404284544969,0.020368527560656963,TRUE
2024Q1,2023Q3,-2,-0.01414655058363541,0.01938299207742642,TRUE
2024Q1,2023Q4,-1,0,NA,TRUE
2024Q1,2024Q1,0,1.2273651322458474,0.006047912468460471,TRUE
2024Q1,2024Q2,1,7.07394332284098,0.018500493507957426,TRUE
2024Q1,2024Q3,2,17.507241501973684,0.04047947658125411,TRUE
2024Q1,2024Q4,3,25.934992098684326,0.07051454298280187,TRUE
2024Q1,2025Q1,4,30.907327919250914,0.07809212858327798,TRUE
2024Q1,2025Q2,5,37.42336453707692,0.12361958657117197,TRUE
2024Q1,2025Q3,6,39.87624832321025,0.1855755199151548,TRUE
2024Q3,2018Q1,-26,-0.09531790381424213,0.02999875979512766,FALSE
2024Q3,2018Q2,-25,-0.09531790381424213,0.02999875979512766,FALSE
2024Q3,2018Q3,-24,-0.09531790381424213,0.02999875979512766,FALSE
2024Q3,2018Q4,-23,-0.09531790381424213,0.02999875979512766,FALSE
2024Q3,2019Q1,-22,-0.09531790381424213,0.02999875979512766,FALSE
2024Q3,2019Q2,-21,-0.09531790381424213,0.02999875979512766,FALSE
2024Q3,2019Q3,-20,-0.09531790381424213,0.02999875979512766,FALSE
2024Q3,2019Q4,-19,-0.09531790381424213,0.02999875979512766,FALSE
2024Q3,2020Q1,-18,-0.09531790381424213,0.02999875979512766,FALSE
2024Q3,2020Q2,-17,-0.09531790381424213,0.02999875979512766,FALSE
2024Q3,2020Q3,-16,-0.09531790381424213,0.02999875979512766,FALSE
2024Q3,2020Q4,-15,-0.09531790381424213,0.02999875979512766,FALSE
2024Q3,2021Q1,-14,-0.09531790381424213,0.02999875979512766,FALSE
2024Q3,2021Q2,-13,-0.09538413806190787,0.029985220910130023,TRUE
2024Q3,2021Q3,-12,-0.09732730557337309,0.029827930298956085,TRUE
2024Q3,2021Q4,-11,-0.09285769171422334,0.0296651313363669,TRUE
2024Q3,2022Q1,-10,-0.09339316408024909,0.029496487857382552,TRUE
2024Q3,2022Q2,-9,-0.10205821628264496,0.02964327447323592,TRUE
2024Q3,2022Q3,-8,-0.10221322088081981,0.029986992583820263,TRUE
2024Q3,2022Q4,-7,-0.09379037649422407,0.029721473199617293,TRUE
2024Q3,2023Q1,-6,-0.11875754453158449,0.02543714747303624,TRUE
2024Q3,2023Q2,-5,-0.13594389050616756,0.025170341735709145,TRUE
2024Q3,2023Q3,-4,-0.1268137703934058,0.024391451993596665,TRUE
2024Q3,2023Q4,-3,-0.11433593949704599,0.01906546234277328,TRUE
2024Q3,2024Q1,-2,-0.10840743975603015,0.015768378731319005,TRUE
2024Q3,2024Q2,-1,0,NA,TRUE
2024Q3,2024Q3,0,2.7652802014911937,0.02178930320541291,TRUE
2024Q3,2024Q4,1,11.598409073730055,0.050921018024750304,TRUE
2024Q3,2025Q1,2,20.2162780029323,0.06245364171112511,TRUE
2024Q3,2025Q2,3,28.897980521857523,0.11463895003263438,TRUE
2024Q3,2025Q3,4,34.65009792059542,0.18227452409575234,TRUE
2024Q4,2018Q1,-27,0.05693208917703832,0.05277145162548198,FALSE
2024Q4,2018Q2,-26,0.05693208917703832,0.05277145162548198,FALSE
2024Q4,2018Q3,-25,0.05693208917703832,0.05277145162548198,FALSE
2024Q4,2018Q4,-24,0.05693208917703832,0.05277145162548198,FALSE
2024Q4,2019Q1,-23,0.05693208917703832,0.05277145162548198,FALSE
2024Q4,2019Q2,-22,0.05693208917703832,0.05277145162548198,FALSE
2024Q4,2019Q3,-21,0.05693208917703832,0.05277145162548198,FALSE
2024Q4,2019Q4,-20,0.05693208917703832,0.05277145162548198,FALSE
2024Q4,2020Q1,-19,0.05693208917703832,0.05277145162548198,FALSE
2024Q4,2020Q2,-18,0.05693208917703832,0.05277145162548198,FALSE
2024Q4,2020Q3,-17,0.05693208917703832,0.05277145162548198,FALSE
2024Q4,2020Q4,-16,0.05693208917703832,0.05277145162548198,FALSE
2024Q4,2021Q1,-15,0.05693208917703832,0.05277145162548198,FALSE
2024Q4,2021Q2,-14,0.05686396252229641,0.05276574123731318,TRUE
2024Q4,2021Q3,-13,0.05486527593907506,0.052604526654012065,TRUE
2024Q4,2021Q4,-12,0.054626738739098665,0.05249089663864088,TRUE
2024Q4,2022Q1,-11,0.05249200118343353,0.05235608772477434,TRUE
2024Q4,2022Q2,-10,0.0499991963523954,0.05235654481165033,TRUE
2024Q4,2022Q3,-9,0.04858426729310797,0.05272574468854043,TRUE
2024Q4,2022Q4,-8,0.054440930873136464,0.052505591261784085,TRUE
2024Q4,2023Q1,-7,0.02852427990791182,0.04836795557054754,TRUE
2024Q4,2023Q2,-6,0.010788580339831487,0.03577095442872487,TRUE
2024Q4,2023Q3,-5,0.021623862069438882,0.04051019213078427,TRUE
2024Q4,2023Q4,-4,0.030079262393491107,0.04164896504880361,TRUE
2024Q4,2024Q1,-3,0.047784582344885015,0.03812092522977758,TRUE
2024Q4,2024Q2,-2,0.04159430155166305,0.022328140011944494,TRUE
2024Q4,2024Q3,-1,0,NA,TRUE
2024Q4,2024Q4,0,0.16063244334488377,0.028942370566419604,TRUE
2024Q4,2025Q1,1,1.232593736587157,0.04447555286763422,TRUE
2024Q4,2025Q2,2,2.6106310092250586,0.10232417405147333,TRUE
2024Q4,2025Q3,3,3.001363402559614,0.17525442384496995,TRUE
2025Q3,2018Q1,-30,-2.2230112588889552,0.1118275502170402,FALSE
2025Q3,2018Q2,-29,-2.2230112588889552,0.1118275502170402,FALSE
2025Q3,2018Q3,-28,-2.2230112588889552,0.1118275502170402,FALSE
2025Q3,2018Q4,-27,-2.2230112588889552,0.1118275502170402,FALSE
2025Q3,2019Q1,-26,-2.2230112588889552,0.1118275502170402,FALSE
2025Q3,2019Q2,-25,-2.2230112588889552,0.1118275502170402,FALSE
2025Q3,2019Q3,-24,-2.2230112588889552,0.1118275502170402,FALSE
2025Q3,2019Q4,-23,-2.2230112588889552,0.1118275502170402,FALSE
2025Q3,2020Q1,-22,-2.2230112588889552,0.1118275502170402,FALSE
2025Q3,2020Q2,-21,-2.2230112588889552,0.1118275502170402,FALSE
2025Q3,2020Q3,-20,-2.2230112588889552,0.1118275502170402,FALSE
2025Q3,2020Q4,-19,-2.2230112588889552,0.1118275502170402,FALSE
2025Q3,2021Q1,-18,-2.2230112588889552,0.1118275502170402,FALSE
2025Q3,2021Q2,-17,-2.223081389268837,0.11185643948887594,TRUE
2025Q3,2021Q3,-16,-2.2190313816433314,0.11173150406904568,TRUE
2025Q3,2021Q4,-15,-2.2163494705808113,0.11207414838751094,TRUE
2025Q3,2022Q1,-14,-2.2145335156329424,0.11212594240269591,TRUE
2025Q3,2022Q2,-13,-2.216250134615316,0.11259679367077609,TRUE
2025Q3,2022Q3,-12,-2.2234733064498715,0.11305457725935375,TRUE
2025Q3,2022Q4,-11,-2.2191655817485465,0.11198508590029795,TRUE
2025Q3,2023Q1,-10,-2.1055373079041595,0.11635556534972323,TRUE
2025Q3,2023Q2,-9,-1.7787980685450033,0.11803021097517974,TRUE
2025Q3,2023Q3,-8,-1.9146465337427518,0.11762687777950791,TRUE
2025Q3,2023Q4,-7,-1.9512074209290495,0.11439064374258158,TRUE
2025Q3,2024Q1,-6,-1.8688101238264228,0.11305658818460046,TRUE
2025Q3,2024Q2,-5,-1.4743631091910023,0.11029152392911139,TRUE
2025Q3,2024Q3,-4,-0.9388339216783348,0.10142933275518146,TRUE
2025Q3,2024Q4,-3,-0.23729960460680405,0.09485652989209271,TRUE
2025Q3,2025Q1,-2,-0.14298765124793344,0.06626570140657714,TRUE
2025Q3,2025Q2,-1,0,NA,TRUE
2025Q3,2025Q3,0,3.2109388653333775,0.08729681762340234,TRUE
