quarter_label,brand_label,rx,gross,gross_per_rx
2021Q3,Wegovy,0,0,NA
2021Q4,Wegovy,148,113520.77,767.03
2022Q1,Wegovy,1380,1784429.89,1293.07
2022Q2,Wegovy,2640,3450706.14,1307.09
2022Q3,Wegovy,2265,2671321.59,1179.39
2022Q4,Wegovy,2665,3270310.3,1227.13
2023Q1,Wegovy,56306,74575014,1324.46
2023Q2,Wegovy,122461,160680350.69,1312.09
2023Q3,Wegovy,119971,159683348.96,1331.02
2023Q4,Wegovy,100362,132450778.11,1319.73
2023Q4,Zepbound,409,396371.42,969.12
2024Q1,Wegovy,120507,156619666.15,1299.67
2024Q1,Zepbound,22361,22926272.57,1025.28
2024Q2,Wegovy,205345,265904448.34,1294.92
2024Q2,Zepbound,43249,44234538.5,1022.79
2024Q3,Wegovy,372905,484294083.28,1298.71
2024Q3,Zepbound,77548,79656288.88,1027.19
2024Q4,Wegovy,390387,505169938.13,1294.02
2024Q4,Zepbound,133217,135586880.95,1017.79
2025Q1,Wegovy,432025,561241822.24,1299.1
2025Q1,Zepbound,237944,247339568.77,1039.49
2025Q2,Wegovy,457285,595809853.65,1302.93
2025Q2,Zepbound,330667,345231888.05,1044.05
2025Q3,Wegovy,581388,760956036.39,1308.86
2025Q3,Zepbound,510066,536219650.65,1051.28
2025Q4,Wegovy,471314,613097664.42,1300.83
2025Q4,Zepbound,572030,601821570.07,1052.08
2026Q1,Wegovy,149902,192765798.31,1285.95
2026Q1,Zepbound,262558,275182490.71,1048.08
