quarter_label,quarter_start,gross_per_rx,units_per_rx,nadac_per_unit,units,nadac_x_units_per_rx,ratio_sdud_to_nadac
2021Q4,2021-10-01,767.03,2,562.17,ML,1124.34,0.68
2022Q1,2022-01-01,1293.07,2.14,562.17,ML,1201.43,1.08
2022Q2,2022-04-01,1307.09,2.53,562.17,ML,1422.14,0.92
2022Q3,2022-07-01,1179.39,2.96,557.56,ML,1652.05,0.71
2022Q4,2022-10-01,1227.13,2.92,506.96,ML,1478.78,0.83
2023Q1,2023-01-01,1324.46,2.25,537.99,ML,1211.7,1.09
2023Q2,2023-04-01,1312.09,2.33,560.12,ML,1306.3,1
2023Q3,2023-07-01,1331.02,2.71,561.95,ML,1525.38,0.87
2023Q4,2023-10-01,1318.31,2.83,562.58,ML,1589.97,0.83
2024Q1,2024-01-01,1256.73,2.59,536.21,ML,1387.02,0.91
2024Q2,2024-04-01,1247.57,2.34,536.72,ML,1257.03,0.99
2024Q3,2024-07-01,1251.96,2.32,537.07,ML,1244.55,1.01
2024Q4,2024-10-01,1223.74,2.35,537.16,ML,1260.79,0.97
2025Q1,2025-01-01,1206.89,2.29,543.39,ML,1244.69,0.97
2025Q2,2025-04-01,1194.29,2.26,544.65,ML,1232.13,0.97
2025Q3,2025-07-01,1188.48,2.25,545.59,ML,1229.02,0.97
2025Q4,2025-10-01,1164.45,2.22,545.97,ML,1214.36,0.96
2026Q1,2026-01-01,1134.53,2.15,378.93,EA/ML,814.99,1.39
