y35,price,five_year_gross,five_year_net,five_year_prescriptions,pmpm_net,pmpm_gross,net_cost_per_member_year_continuous,net_cost_per_user_year,n_years_exceed_pool
plateau,rebate low (23.1%),330723799.41,254326601.75,278807.2,4.24,5.51,10946.34,3958.93,0
growth,rebate low (23.1%),480384612.62,369415767.11,404974.45,6.16,8.01,10946.34,3958.93,0
decline,rebate low (23.1%),269435666.65,207196027.65,227140,3.45,4.49,10946.34,3958.93,0
plateau,rebate central,330723799.41,161317182.87,278807.2,2.69,5.51,6943.17,2511.11,0
growth,rebate central,480384612.62,234317253.68,404974.45,3.91,8.01,6943.17,2511.11,0
decline,rebate central,269435666.65,131422663.83,227140,2.19,4.49,6943.17,2511.11,0
plateau,rebate high (implied by $245),330723799.41,68307764,278807.2,1.14,5.51,2940,1063.3,0
growth,rebate high (implied by $245),480384612.62,99218740.25,404974.45,1.65,8.01,2940,1063.3,0
decline,rebate high (implied by $245),269435666.65,55649300,227140,0.93,4.49,2940,1063.3,0
plateau,announced $245,330723799.41,68307764,278807.2,1.14,5.51,2940,1063.3,0
growth,announced $245,480384612.62,99218740.25,404974.45,1.65,8.01,2940,1063.3,0
decline,announced $245,269435666.65,55649300,227140,0.93,4.49,2940,1063.3,0
