data_year,ingredient,brand,claims,prescribers
2018,albiglutide,Tanzeum,4201,252
2018,dulaglutide,Trulicity,1157688,33790
2018,exenatide,Bydureon,269770,11300
2018,exenatide,Byetta,25185,1754
2018,liraglutide,Victoza,1120012,33904
2018,lixisenatide,Adlyxin,36,1
2018,semaglutide,Ozempic,23164,1065
2019,dulaglutide,Trulicity,1849035,49605
2019,exenatide,Bydureon,300808,12934
2019,exenatide,Byetta,15483,1119
2019,liraglutide,Victoza,1085898,34973
2019,lixisenatide,Adlyxin,42,1
2019,semaglutide,Ozempic,387438,12836
2020,dulaglutide,Trulicity,2486752,63998
2020,exenatide,Bydureon,283432,12896
2020,exenatide,Byetta,11261,835
2020,liraglutide,Victoza,951951,33993
2020,lixisenatide,Adlyxin,29,1
2020,semaglutide,Ozempic,996503,27304
2020,semaglutide,Rybelsus,22397,1193
2021,dulaglutide,Trulicity,3313160,78837
2021,exenatide,Bydureon,186870,8613
2021,exenatide,Byetta,7293,569
2021,liraglutide,Victoza,750962,29888
2021,lixisenatide,Adlyxin,43,2
2021,semaglutide,Ozempic,1703541,43396
2021,semaglutide,Rybelsus,218708,9608
2022,dulaglutide,Trulicity,4174280,95389
2022,exenatide,Bydureon,160802,8212
2022,exenatide,Byetta,3549,283
2022,liraglutide,Victoza,569902,25187
2022,lixisenatide,Adlyxin,12,1
2022,semaglutide,Ozempic,2976893,71639
2022,semaglutide,Rybelsus,457989,18413
2022,tirzepatide,Mounjaro,39468,2034
2023,dulaglutide,Trulicity,4851616,109569
2023,exenatide,Bydureon,109771,6006
2023,exenatide,Byetta,2699,219
2023,liraglutide,Victoza,425747,19787
2023,semaglutide,Ozempic,6416007,131910
2023,semaglutide,Rybelsus,755052,29472
2023,semaglutide,Wegovy,26,2
2023,tirzepatide,Mounjaro,1521598,44382
2024,dulaglutide,Trulicity,3816376,101479
2024,exenatide,Bydureon,85420,4844
2024,exenatide,Byetta,1865,148
2024,liraglutide,Liraglutide (generic name),14832,771
2024,liraglutide,Victoza,71722,3815
2024,semaglutide,Ozempic,9930484,171191
2024,semaglutide,Rybelsus,899704,35474
2024,semaglutide,Wegovy,76176,3956
2024,tirzepatide,Mounjaro,4694896,97208
2024,tirzepatide,Zepbound,14,1
