parameter,role,low,central,high,distribution,basis,source_file
U.S. adults 18+ (millions),population,227.12,253.82,280.51,Normal from the NHANES 95% CI,sourced (measured),outputs/tables/moduleB_survey_estimates.csv
"Label-eligible adults, lower bound (millions)",eligible population E; held constant over 2026-2030,117.24,128.77,140.29,Normal from the NHANES 95% CI,sourced (measured); no demographic projection used (assumption: constant),outputs/tables/moduleB_survey_estimates.csv
Current GLP-1 use among adults (all indications),anchor,0.09,0.12,0.15,"Normal(12%, 3 points / 1.96)","sourced: KFF Health Tracking Poll Feb 24-Mar 2, 2026, n = 1,343, +/- 3 points",https://files.kff.org/attachment/topline-kff-health-tracking-poll-march-2026.pdf
Share of adults with diagnosed diabetes currently using GLP-1,anchor split,0.35,0.45,0.55,"Uniform(35%, 55%)","central sourced (KFF Nov 2025, 45%); range ASSUMED (subgroup margin larger than 3 points)",https://www.kff.org/public-opinion/poll-1-in-8-adults-say-they-are-currently-taking-a-glp-1-drug-for-weight-loss-diabetes-or-another-condition-even-as-half-say-the-drugs-are-difficult-to-afford/
"Anchor: users without diagnosed diabetes, 2026 Q1 (millions)",N0,10.107,17.498,25.284,derived from the three rows above,modelled,outputs/tables/moduleB_funnel.csv
Organic annual growth rate r,logistic growth rate,0,0.231,0.462,"Uniform(0, ln2/1.5)",endpoints sourced: KFF current use 12% in Nov 2025 and Mar 2026 (no change: 0) and 6% in May 2024 to 12% in Nov 2025 (ln2/1.5 years = 0.462); applying an all-indication rate to this group is an assumption,https://files.kff.org/attachment/topline-kff-health-tracking-poll-march-2026.pdf
Ceiling K (share of eligible adults),logistic ceiling,0.3,0.43,0.56,"Uniform(0.30, 0.56)",upper end sourced from KFF (23% now using + 43% of non-users interested among adults diagnosed overweight/obese = 56%); lower end ASSUMED,https://www.kff.org/public-opinion/poll-1-in-8-adults-say-they-are-currently-taking-a-glp-1-drug-for-weight-loss-diabetes-or-another-condition-even-as-half-say-the-drugs-are-difficult-to-afford/
"Medicare GLP-1 Bridge-eligible adults, measurable part (millions)",Bridge population,8.622,10.786,12.95,Normal from the NHANES 95% CI,"sourced (NHANES, criteria from the CMS prescriber page); lower bound: uncontrolled hypertension and kidney disease are not measurable",docs/sources/cms_medicare_glp1_bridge_prescribers.txt
Bridge uptake by 2027 Q4 (share of Bridge-eligible),Bridge scenario,0.05,0.225,0.4,"Uniform(5%, 40%)",ASSUMPTION (no source gives uptake); window July 1 2026 to December 31 2027 and $50 copay sourced,docs/sources/cms_medicare_glp1_bridge_page.txt
Share of Bridge users retained after the demonstration ends,Bridge scenario,0,0.5,1,"Uniform(0, 1)","ASSUMPTION (CMS page mentions possible BALANCE implementation in Part D, no terms)",docs/sources/cms_medicare_glp1_bridge_page.txt
Oral options: extra growth from 2026 Q2,access event,0,0.125,0.25,"Uniform(0, 25%) multiplier on r","ASSUMPTION; launch dates sourced (Foundayo approved 2026-04-01, Wegovy tablets 2025-12-22 in label_events)",dbt seed label_events
Net additional users from Medicaid coverage changes by 2030 (millions),access event,-1,0,1,"Uniform(-1, +1)",ASSUMPTION (symmetric; states may add or drop coverage),analysis/outputs/moduleC_summary.md
Diagnosed-diabetes GLP-1 users,added to the all-GLP-1 series,10.166,12.896,15.841,held at the 2026 anchor,ASSUMPTION (constant),outputs/tables/moduleB_funnel.csv
