quarter_label,quarter_start,rx,gross,medicaid_amount,states,gross_per_rx,medicaid_amount_per_rx
2021Q4,2021-10-01,148,113520.77,110013.47,1,767.03,743.33
2022Q1,2022-01-01,1380,1784429.89,1726842.52,3,1293.07,1251.34
2022Q2,2022-04-01,2640,3450706.14,3262318,4,1307.09,1235.73
2022Q3,2022-07-01,2265,2671321.59,2563419.35,5,1179.39,1131.75
2022Q4,2022-10-01,2665,3270310.3,3168465.57,5,1227.13,1188.92
2023Q1,2023-01-01,56306,74575014,72645667.52,8,1324.46,1290.19
2023Q2,2023-04-01,122461,160680350.69,156575385.34,8,1312.09,1278.57
2023Q3,2023-07-01,119971,159683348.96,155944349.33,10,1331.02,1299.85
2023Q4,2023-10-01,100771,132847149.53,130161603.72,11,1318.31,1291.66
2024Q1,2024-01-01,142868,179545938.72,176702831.41,12,1256.73,1236.83
2024Q2,2024-04-01,248594,310138986.84,306082854.26,12,1247.57,1231.26
2024Q3,2024-07-01,450453,563950372.16,556502184.17,13,1251.96,1235.43
2024Q4,2024-10-01,523604,640756819.08,632647264.78,14,1223.74,1208.26
2025Q1,2025-01-01,669969,808581391.01,798018494.02,15,1206.89,1191.13
2025Q2,2025-04-01,787952,941041741.7,928743539.55,15,1194.29,1178.68
2025Q3,2025-07-01,1091454,1297175687.04,1283192329.88,16,1188.48,1175.67
2025Q4,2025-10-01,1043344,1214919234.49,1201480450.29,17,1164.45,1151.57
2026Q1,2026-01-01,412460,467948289.02,461134342.03,13,1134.53,1118.01
