state_code,rate_per_1000,coverage_active
AK,1.78,FALSE
AL,0.61,FALSE
AR,0.09,FALSE
AZ,0.15,FALSE
CA,45.1,TRUE
CO,3.97,FALSE
CT,1.68,FALSE
DC,0.61,FALSE
DE,36.3,TRUE
FL,0.08,FALSE
GA,0.26,FALSE
HI,0.1,FALSE
IA,3.21,FALSE
ID,2.88,FALSE
IL,0.32,FALSE
IN,1.87,FALSE
KS,26.51,TRUE
KY,0.84,FALSE
LA,0.34,FALSE
MA,40.85,TRUE
MD,0.73,FALSE
ME,1.68,FALSE
MI,44.36,TRUE
MN,27.73,TRUE
MO,38.25,TRUE
MS,16.82,TRUE
MT,0.35,FALSE
NC,35.77,TRUE
ND,0,FALSE
NE,0.46,FALSE
NH,32.01,TRUE
NJ,2.12,FALSE
NM,0,FALSE
NV,0.47,FALSE
NY,0,FALSE
OH,1.18,FALSE
OK,0.21,FALSE
OR,1.16,FALSE
PA,44.66,TRUE
RI,12.57,TRUE
SC,3.97,TRUE
SD,0,FALSE
TN,6.43,TRUE
TX,0.34,FALSE
UT,0,FALSE
VA,6.3,TRUE
VT,2.81,FALSE
WA,0.55,FALSE
WI,45.64,TRUE
WV,0.1,FALSE
WY,1.37,FALSE
