cohort,quarter_start,cohort_mean,never_mean,n_never
2021Q3,2018-01-01,0,0,34
2021Q3,2018-04-01,0,0,34
2021Q3,2018-07-01,0,0,34
2021Q3,2018-10-01,0,0,34
2021Q3,2019-01-01,0,0,34
2021Q3,2019-04-01,0,0,34
2021Q3,2019-07-01,0,0,34
2021Q3,2019-10-01,0,0,34
2021Q3,2020-01-01,0,0,34
2021Q3,2020-04-01,0,0,34
2021Q3,2020-07-01,0,0,34
2021Q3,2020-10-01,0,0,34
2021Q3,2021-01-01,0,0,34
2021Q3,2021-04-01,0,0,34
2021Q3,2021-07-01,0,8.745624454341284e-4,34
2021Q3,2021-10-01,0.37325352657329725,0.001314246328805471,34
2021Q3,2022-01-01,0.7818063660673091,0.0027988765363577057,34
2021Q3,2022-04-01,0.8798516366117105,0.004682521341934974,34
2021Q3,2022-07-01,0.8153778385926765,0.007607065120044605,34
2021Q3,2022-10-01,0.827692760447322,0.0013457504778038195,34
2021Q3,2023-01-01,3.7432189711040182,0.02565688569023272,34
2021Q3,2023-04-01,6.746628436031492,0.03527863931874536,34
2021Q3,2023-07-01,5.687451124725271,0.03167411058771911,34
2021Q3,2023-10-01,4.141603140226012,0.01580488283644821,34
2021Q3,2024-01-01,4.543047589742856,0.010196045434211995,34
2021Q3,2024-04-01,8.302257502660618,0.024082949002781018,34
2021Q3,2024-07-01,11.482290233001493,0.06429518133523421,34
2021Q3,2024-10-01,15.760856689331659,0.1255210441025686,34
2021Q3,2025-01-01,18.958411027107662,0.21560183791408546,34
2021Q3,2025-04-01,23.650462535097216,0.5347090010956622,34
2021Q3,2025-07-01,26.50647749291399,0.9496259380327392,34
2021Q3,2025-10-01,28.57765817321621,1.3938084872054275,34
2021Q3,2026-01-01,18.107691512551646,1.989775533129854,34
2022Q1,2018-01-01,0,0,34
2022Q1,2018-04-01,0,0,34
2022Q1,2018-07-01,0,0,34
2022Q1,2018-10-01,0,0,34
2022Q1,2019-01-01,0,0,34
2022Q1,2019-04-01,0,0,34
2022Q1,2019-07-01,0,0,34
2022Q1,2019-10-01,0,0,34
2022Q1,2020-01-01,0,0,34
2022Q1,2020-04-01,0,0,34
2022Q1,2020-07-01,0,0,34
2022Q1,2020-10-01,0,0,34
2022Q1,2021-01-01,0,0,34
2022Q1,2021-04-01,0,0,34
2022Q1,2021-07-01,0,8.745624454341284e-4,34
2022Q1,2021-10-01,0,0.001314246328805471,34
2022Q1,2022-01-01,0.22485567278227875,0.0027988765363577057,34
2022Q1,2022-04-01,0.42970903978658614,0.004682521341934974,34
2022Q1,2022-07-01,0.32761569279168473,0.007607065120044605,34
2022Q1,2022-10-01,0.4303943128077771,0.0013457504778038195,34
2022Q1,2023-01-01,3.6021572009601206,0.02565688569023272,34
2022Q1,2023-04-01,7.445590887540251,0.03527863931874536,34
2022Q1,2023-07-01,6.587825665228099,0.03167411058771911,34
2022Q1,2023-10-01,6.209810779782406,0.01580488283644821,34
2022Q1,2024-01-01,7.987747717450101,0.010196045434211995,34
2022Q1,2024-04-01,16.166716945323323,0.024082949002781018,34
2022Q1,2024-07-01,23.60162184764812,0.06429518133523421,34
2022Q1,2024-10-01,26.917925289870432,0.1255210441025686,34
2022Q1,2025-01-01,31.519181222561908,0.21560183791408546,34
2022Q1,2025-04-01,38.91360309436323,0.5347090010956622,34
2022Q1,2025-07-01,44.35746551952471,0.9496259380327392,34
2022Q1,2025-10-01,48.98842624288418,1.3938084872054275,34
2022Q1,2026-01-01,37.37366445982869,1.989775533129854,34
2023Q1,2018-01-01,0,0,34
2023Q1,2018-04-01,0,0,34
2023Q1,2018-07-01,0,0,34
2023Q1,2018-10-01,0,0,34
2023Q1,2019-01-01,0,0,34
2023Q1,2019-04-01,0,0,34
2023Q1,2019-07-01,0,0,34
2023Q1,2019-10-01,0,0,34
2023Q1,2020-01-01,0,0,34
2023Q1,2020-04-01,0,0,34
2023Q1,2020-07-01,0,0,34
2023Q1,2020-10-01,0,0,34
2023Q1,2021-01-01,0,0,34
2023Q1,2021-04-01,0,0,34
2023Q1,2021-07-01,0.008765289792820036,8.745624454341284e-4,34
2023Q1,2021-10-01,0.03898946353768256,0.001314246328805471,34
2023Q1,2022-01-01,0.09861171463995533,0.0027988765363577057,34
2023Q1,2022-04-01,0.19643806043014517,0.004682521341934974,34
2023Q1,2022-07-01,0.18231170313387596,0.007607065120044605,34
2023Q1,2022-10-01,0.15891982557638787,0.0013457504778038195,34
2023Q1,2023-01-01,2.4961440607510648,0.02565688569023272,34
2023Q1,2023-04-01,5.4707826884003445,0.03527863931874536,34
2023Q1,2023-07-01,5.179987544212209,0.03167411058771911,34
2023Q1,2023-10-01,4.550884037218502,0.01580488283644821,34
2023Q1,2024-01-01,6.1517829896142935,0.010196045434211995,34
2023Q1,2024-04-01,11.389439744257896,0.024082949002781018,34
2023Q1,2024-07-01,19.81132976389041,0.06429518133523421,34
2023Q1,2024-10-01,22.545684888527987,0.1255210441025686,34
2023Q1,2025-01-01,28.821073579732186,0.21560183791408546,34
2023Q1,2025-04-01,33.256941234404906,0.5347090010956622,34
2023Q1,2025-07-01,44.87721050130243,0.9496259380327392,34
2023Q1,2025-10-01,45.99236796746025,1.3938084872054275,34
2023Q1,2026-01-01,6.722683736929832,1.989775533129854,34
2023Q3,2018-01-01,0,0,34
2023Q3,2018-04-01,0,0,34
2023Q3,2018-07-01,0,0,34
2023Q3,2018-10-01,0,0,34
2023Q3,2019-01-01,0,0,34
2023Q3,2019-04-01,0,0,34
2023Q3,2019-07-01,0,0,34
2023Q3,2019-10-01,0,0,34
2023Q3,2020-01-01,0,0,34
2023Q3,2020-04-01,0,0,34
2023Q3,2020-07-01,0,0,34
2023Q3,2020-10-01,0,0,34
2023Q3,2021-01-01,0,0,34
2023Q3,2021-04-01,0,0,34
2023Q3,2021-07-01,0,8.745624454341284e-4,34
2023Q3,2021-10-01,0,0.001314246328805471,34
2023Q3,2022-01-01,0,0.0027988765363577057,34
2023Q3,2022-04-01,0,0.004682521341934974,34
2023Q3,2022-07-01,0,0.007607065120044605,34
2023Q3,2022-10-01,0.017350451159925857,0.0013457504778038195,34
2023Q3,2023-01-01,0.19345533031075185,0.02565688569023272,34
2023Q3,2023-04-01,0,0.03527863931874536,34
2023Q3,2023-07-01,0.50075285261716,0.03167411058771911,34
2023Q3,2023-10-01,1.280644559474082,0.01580488283644821,34
2023Q3,2024-01-01,2.544978737324174,0.010196045434211995,34
2023Q3,2024-04-01,5.086989764877311,0.024082949002781018,34
2023Q3,2024-07-01,7.773440175330457,0.06429518133523421,34
2023Q3,2024-10-01,9.14875142510624,0.1255210441025686,34
2023Q3,2025-01-01,11.191225402659214,0.21560183791408546,34
2023Q3,2025-04-01,14.938000704500725,0.5347090010956622,34
2023Q3,2025-07-01,16.815248939640263,0.9496259380327392,34
2023Q3,2025-10-01,19.206592962616476,1.3938084872054275,34
2023Q3,2026-01-01,20.350890527554526,1.989775533129854,34
2023Q4,2018-01-01,0,0,34
2023Q4,2018-04-01,0,0,34
2023Q4,2018-07-01,0,0,34
2023Q4,2018-10-01,0,0,34
2023Q4,2019-01-01,0,0,34
2023Q4,2019-04-01,0,0,34
2023Q4,2019-07-01,0,0,34
2023Q4,2019-10-01,0,0,34
2023Q4,2020-01-01,0,0,34
2023Q4,2020-04-01,0,0,34
2023Q4,2020-07-01,0,0,34
2023Q4,2020-10-01,0,0,34
2023Q4,2021-01-01,0,0,34
2023Q4,2021-04-01,0,0,34
2023Q4,2021-07-01,0,8.745624454341284e-4,34
2023Q4,2021-10-01,0,0.001314246328805471,34
2023Q4,2022-01-01,0.23786716725919163,0.0027988765363577057,34
2023Q4,2022-04-01,0.28806705947898903,0.004682521341934974,34
2023Q4,2022-07-01,0.2437022749711515,0.007607065120044605,34
2023Q4,2022-10-01,0.26458336324424325,0.0013457504778038195,34
2023Q4,2023-01-01,2.193905817174515,0.02565688569023272,34
2023Q4,2023-04-01,2.671249158115764,0.03527863931874536,34
2023Q4,2023-07-01,2.3047612776159787,0.03167411058771911,34
2023Q4,2023-10-01,2.222152769096137,0.01580488283644821,34
2023Q4,2024-01-01,3.338362696742478,0.010196045434211995,34
2023Q4,2024-04-01,4.826513094055569,0.024082949002781018,34
2023Q4,2024-07-01,5.846050517034422,0.06429518133523421,34
2023Q4,2024-10-01,6.827360611099944,0.1255210441025686,34
2023Q4,2025-01-01,8.235237240629528,0.21560183791408546,34
2023Q4,2025-04-01,10.574986266251603,0.5347090010956622,34
2023Q4,2025-07-01,12.565771762805609,0.9496259380327392,34
2023Q4,2025-10-01,14.185097831279498,1.3938084872054275,34
2023Q4,2026-01-01,15.349434252998078,1.989775533129854,34
2024Q1,2018-01-01,0,0,34
2024Q1,2018-04-01,0,0,34
2024Q1,2018-07-01,0,0,34
2024Q1,2018-10-01,0,0,34
2024Q1,2019-01-01,0,0,34
2024Q1,2019-04-01,0,0,34
2024Q1,2019-07-01,0,0,34
2024Q1,2019-10-01,0,0,34
2024Q1,2020-01-01,0,0,34
2024Q1,2020-04-01,0,0,34
2024Q1,2020-07-01,0,0,34
2024Q1,2020-10-01,0,0,34
2024Q1,2021-01-01,0,0,34
2024Q1,2021-04-01,0,0,34
2024Q1,2021-07-01,0,8.745624454341284e-4,34
2024Q1,2021-10-01,0,0.001314246328805471,34
2024Q1,2022-01-01,0,0.0027988765363577057,34
2024Q1,2022-04-01,0,0.004682521341934974,34
2024Q1,2022-07-01,0,0.007607065120044605,34
2024Q1,2022-10-01,0,0.0013457504778038195,34
2024Q1,2023-01-01,0,0.02565688569023272,34
2024Q1,2023-04-01,0,0.03527863931874536,34
2024Q1,2023-07-01,0,0.03167411058771911,34
2024Q1,2023-10-01,0,0.01580488283644821,34
2024Q1,2024-01-01,1.2160867235741661,0.010196045434211995,34
2024Q1,2024-04-01,7.10111635743259,0.024082949002781018,34
2024Q1,2024-07-01,17.601685526495242,0.06429518133523421,34
2024Q1,2024-10-01,26.10848469655808,0.1255210441025686,34
2024Q1,2025-01-01,31.201664309201462,0.21560183791408546,34
2024Q1,2025-04-01,38.03512020863158,0.5347090010956622,34
2024Q1,2025-07-01,40.85496299712348,0.9496259380327392,34
2024Q1,2025-10-01,42.57486970280013,1.3938084872054275,34
2024Q1,2026-01-01,39.70437368641479,1.989775533129854,34
2024Q3,2018-01-01,0,0,34
2024Q3,2018-04-01,0,0,34
2024Q3,2018-07-01,0,0,34
2024Q3,2018-10-01,0,0,34
2024Q3,2019-01-01,0,0,34
2024Q3,2019-04-01,0,0,34
2024Q3,2019-07-01,0,0,34
2024Q3,2019-10-01,0,0,34
2024Q3,2020-01-01,0,0,34
2024Q3,2020-04-01,0,0,34
2024Q3,2020-07-01,0,0,34
2024Q3,2020-10-01,0,0,34
2024Q3,2021-01-01,0,0,34
2024Q3,2021-04-01,0,0,34
2024Q3,2021-07-01,0,8.745624454341284e-4,34
2024Q3,2021-10-01,0,0.001314246328805471,34
2024Q3,2022-01-01,0,0.0027988765363577057,34
2024Q3,2022-04-01,0,0.004682521341934974,34
2024Q3,2022-07-01,0,0.007607065120044605,34
2024Q3,2022-10-01,0,0.0013457504778038195,34
2024Q3,2023-01-01,0,0.02565688569023272,34
2024Q3,2023-04-01,0,0.03527863931874536,34
2024Q3,2023-07-01,0,0.03167411058771911,34
2024Q3,2023-10-01,0,0.01580488283644821,34
2024Q3,2024-01-01,0,0.010196045434211995,34
2024Q3,2024-04-01,0.14259375957855808,0.024082949002781018,34
2024Q3,2024-07-01,2.9808665730174537,0.06429518133523421,34
2024Q3,2024-10-01,11.903560640317375,0.1255210441025686,34
2024Q3,2025-01-01,20.638406663053118,0.21560183791408546,34
2024Q3,2025-04-01,29.634405213089657,0.5347090010956622,34
2024Q3,2025-07-01,35.76789287783894,0.9496259380327392,34
2024Q3,2025-10-01,4.0977981480744825,1.3938084872054275,34
2024Q3,2026-01-01,20.040772729725525,1.989775533129854,34
2024Q4,2018-01-01,0,0,34
2024Q4,2018-04-01,0,0,34
2024Q4,2018-07-01,0,0,34
2024Q4,2018-10-01,0,0,34
2024Q4,2019-01-01,0,0,34
2024Q4,2019-04-01,0,0,34
2024Q4,2019-07-01,0,0,34
2024Q4,2019-10-01,0,0,34
2024Q4,2020-01-01,0,0,34
2024Q4,2020-04-01,0,0,34
2024Q4,2020-07-01,0,0,34
2024Q4,2020-10-01,0,0,34
2024Q4,2021-01-01,0,0,34
2024Q4,2021-04-01,0,0,34
2024Q4,2021-07-01,0,8.745624454341284e-4,34
2024Q4,2021-10-01,0,0.001314246328805471,34
2024Q4,2022-01-01,0,0.0027988765363577057,34
2024Q4,2022-04-01,0,0.004682521341934974,34
2024Q4,2022-07-01,0,0.007607065120044605,34
2024Q4,2022-10-01,0,0.0013457504778038195,34
2024Q4,2023-01-01,0,0.02565688569023272,34
2024Q4,2023-04-01,0,0.03527863931874536,34
2024Q4,2023-07-01,0,0.03167411058771911,34
2024Q4,2023-10-01,0,0.01580488283644821,34
2024Q4,2024-01-01,0,0.010196045434211995,34
2024Q4,2024-04-01,0.012437600716660932,0.024082949002781018,34
2024Q4,2024-07-01,0.042910474446812466,0.06429518133523421,34
2024Q4,2024-10-01,0.28097965464478447,0.1255210441025686,34
2024Q4,2025-01-01,1.4769486032360888,0.21560183791408546,34
2024Q4,2025-04-01,3.180813396193196,0.5347090010956622,34
2024Q4,2025-07-01,3.9730797053925975,0.9496259380327392,34
2024Q4,2025-10-01,3.7095097391410703,1.3938084872054275,34
2024Q4,2026-01-01,1.4475230132204822,1.989775533129854,34
2025Q3,2018-01-01,0,0,34
2025Q3,2018-04-01,0,0,34
2025Q3,2018-07-01,0,0,34
2025Q3,2018-10-01,0,0,34
2025Q3,2019-01-01,0,0,34
2025Q3,2019-04-01,0,0,34
2025Q3,2019-07-01,0,0,34
2025Q3,2019-10-01,0,0,34
2025Q3,2020-01-01,0,0,34
2025Q3,2020-04-01,0,0,34
2025Q3,2020-07-01,0,0,34
2025Q3,2020-10-01,0,0,34
2025Q3,2021-01-01,0,0,34
2025Q3,2021-04-01,0,0,34
2025Q3,2021-07-01,0,8.745624454341284e-4,34
2025Q3,2021-10-01,0,0.001314246328805471,34
2025Q3,2022-01-01,0,0.0027988765363577057,34
2025Q3,2022-04-01,0.0076964420631082595,0.004682521341934974,34
2025Q3,2022-07-01,0,0.007607065120044605,34
2025Q3,2022-10-01,0,0.0013457504778038195,34
2025Q3,2023-01-01,0.13882273047668356,0.02565688569023272,34
2025Q3,2023-04-01,0.48294976054747185,0.03527863931874536,34
2025Q3,2023-07-01,0.34290520638192973,0.03167411058771911,34
2025Q3,2023-10-01,0.29217312389789285,0.01580488283644821,34
2025Q3,2024-01-01,0.36826721807980395,0.010196045434211995,34
2025Q3,2024-04-01,0.7761662982944767,0.024082949002781018,34
2025Q3,2024-07-01,1.3649482325015958,0.06429518133523421,34
2025Q3,2024-10-01,2.1348368048060355,0.1255210441025686,34
2025Q3,2025-01-01,2.3467574478815747,0.21560183791408546,34
2025Q3,2025-04-01,2.8047275769689084,0.5347090010956622,34
2025Q3,2025-07-01,6.434074052821094,0.9496259380327392,34
2025Q3,2025-10-01,20.810514490494302,1.3938084872054275,34
2025Q3,2026-01-01,31.512357915557512,1.989775533129854,34
