spec,specification,att_simple,se_simple,ci_low,ci_high,fmi,att_group,se_group,group_ci_low,group_ci_high,states,treated_states,never_treated_states,state_quarters,imputations,note
0,Primary,12.188861161578012,1.9465275545719591,8.37373725970211,16.003985063453914,3.935079244624396e-7,11.375504166235936,2.366230139403739,6.7377783138713605,16.013230018600513,44,10,34,1364,20,NA
1,Without Kansas,13.267327278747718,2.0410593531378787,9.266924456288804,17.26773010120663,4.586700042190037e-7,11.785595835505442,2.6215667937482796,6.6474193366926135,16.92377233431827,43,9,34,1333,20,NA
2,Without Mississippi and Tennessee,12.870310429909628,2.0962465587782924,8.761742671988085,16.97887818783117,4.983997345240192e-7,12.90713197444541,2.667442811380074,7.6790401333201235,18.135223815570697,42,8,34,1302,20,NA
3,Never-treated controls only,12.21870385682642,1.9125344235771669,8.470205267422061,15.967202446230775,4.077788343649389e-7,11.401129623006325,2.3369608707634684,6.820770483030504,15.981488762982142,44,10,34,1364,20,NA
4,Enrollment-weighted,14.73789601539177,0.9060699282404217,12.962031588565752,16.513760442217787,1.0493885442114905e-7,14.117231018793849,1.3024865847595293,11.564404222318592,16.670057815269104,44,10,34,1364,20,NA
5a,Suppressed cells = 0 (lower bound),12.202598731635812,1.988253652532045,8.30569318054279,16.099504282728834,0,11.39039011511564,2.2949473625692054,6.892375938064813,15.888404292166468,44,10,34,1364,1,NA
5b,Suppressed cells = 10 (upper bound),12.16804853426669,1.9454818124871152,8.354974249214237,15.981122819319143,0,11.353344089103953,2.250233741274706,6.942966999408707,15.763721178799198,44,10,34,1364,1,NA
6,Denominator: Medicaid + CHIP,10.882994509128991,1.8071810847728809,7.340984669432089,14.425004348825894,3.6652953504470226e-7,10.128644670368136,2.0877479962383365,6.036733788945279,14.220555551790993,44,10,34,1364,20,NA
7,Reporting-gap state-quarters set to missing,12.188861161578012,1.939907501107144,8.386712326068878,15.991009997087149,3.961982469986737e-7,11.375504166235936,2.340905938913751,6.787412834769007,15.963595497702864,44,10,34,1364,20,NA
8,Definition-caveat state-quarters set to missing,12.461318039890678,2.2458988295214,8.059437221108025,16.86319885867333,4.105851778308251e-7,12.235291323947544,2.578757296384122,7.181019898164706,17.289562749730383,44,10,34,1241,20,NA
9a,"Add sensitivity states, start = earliest quarter",10.07452816703249,1.2791778224037804,7.567385705298673,12.581670628766307,4.652207375011032e-7,9.949471802899762,1.6168387974390257,6.780525991112137,13.118417614687386,51,17,34,1581,20,NA
9b,"Add sensitivity states, start = latest quarter",11.6698564363409,1.440802635873967,8.845935161197456,14.493777711484343,7.191314228081553e-7,11.727399455144438,1.664896571152905,8.464262137700349,14.990536772588529,51,17,34,1581,20,NA
10,First-full-quarter timing,12.576007742376206,1.8830620203905892,8.885274001755104,16.266741482997308,1.1649687377311483e-6,12.751818985434287,2.537365815784541,7.7786733708934275,17.724964599975145,44,10,34,1364,20,NA
11,"Window to 2025 Q4, without North Carolina",13.335074928267488,2.2592906629758223,8.906946598227211,17.76320325830776,3.931466354935178e-7,12.561634836578376,2.5397033977899293,7.583907645495984,17.53936202766077,43,9,34,1376,20,NA
12,Fee-for-service only (FFSU per FFS enrollee),55.69052742787671,67.07562053056289,-75.77527305270195,187.15632790845535,1.4133801947889741e-8,47.698532765475925,52.662217052183976,-55.517516002835755,150.9145815337876,35,9,26,1085,20,"dropped (no managed-care share or no FFS enrollees): AK, CT, HI, ME, MI, MT, SD, VT, WY"
13,Without Rhode Island,12.988085732112694,2.003693976011646,9.060917703090002,16.915253761135386,1.220638398758959e-7,12.169176512381725,2.4349082120605883,7.396844111082135,16.94150891368131,43,9,34,1333,20,NA
14,Managed care only (MCOU per managed-care enrollee),12.510041785747203,3.323569399339078,5.995965462886172,19.024118108608235,9.445127818102097e-6,12.175749812769872,4.139781520632666,4.061927128424818,20.289572497114925,38,10,28,1178,20,"dropped (no managed-care share or no FFS enrollees): AK, CT, ME, MT, SD, WY"
