quarter,observed_rx,upper_bound_rx,n_suppressed_cells,max_hidden_share
2021Q2,0,40,4,1
2021Q3,292,762,47,0.6168
2021Q4,2018,2638,62,0.235
2022Q1,5885,6465,58,0.0897
2022Q2,9229,9709,48,0.0494
2022Q3,7714,8184,47,0.0574
2022Q4,7348,7768,42,0.0541
2023Q1,58533,59143,61,0.0103
2023Q2,125826,126546,72,0.0057
2023Q3,121999,122809,81,0.0066
2023Q4,101620,102640,102,0.0099
2024Q1,143663,145063,140,0.0097
2024Q2,250838,252368,153,0.0061
2024Q3,454601,456361,176,0.0039
2024Q4,530726,532646,192,0.0036
2025Q1,680942,683422,248,0.0036
2025Q2,808003,810663,266,0.0033
2025Q3,1119561,1122291,273,0.0024
2025Q4,1086728,1089448,272,0.0025
2026Q1,602547,606097,355,0.0059
