dataset,table,kind,measure,group,parquet_value,postgres_value,manifest_rows,match,file_sha256_matches_manifest,parquet_nan_values,source_file
sdud,raw.sdud_state_2018,rows,row_count,all,4454,4454,4454,True,True,0,sdud_2018_states.parquet
sdud,raw.sdud_state_2018,measure,sum_number_of_prescriptions_x1000,2018,1076677000,1076677000,,True,,,sdud_2018_states.parquet
sdud,raw.sdud_state_2018,measure,sum_total_amount_reimbursed_cents,2018,72612033332,72612033332,,True,,,sdud_2018_states.parquet
sdud,raw.sdud_state_2018,measure,sum_units_reimbursed_x1000,2018,5875433652,5875433652,,True,,,sdud_2018_states.parquet
sdud,raw.sdud_state_2018,measure,n_suppressed_rows,2018,1639,1639,,True,,,sdud_2018_states.parquet
sdud,raw.sdud_state_2019,rows,row_count,all,4331,4331,4331,True,True,0,sdud_2019_states.parquet
sdud,raw.sdud_state_2019,measure,sum_number_of_prescriptions_x1000,2019,1444839000,1444839000,,True,,,sdud_2019_states.parquet
sdud,raw.sdud_state_2019,measure,sum_total_amount_reimbursed_cents,2019,112406530235,112406530235,,True,,,sdud_2019_states.parquet
sdud,raw.sdud_state_2019,measure,sum_units_reimbursed_x1000,2019,7431352203,7431352203,,True,,,sdud_2019_states.parquet
sdud,raw.sdud_state_2019,measure,n_suppressed_rows,2019,1445,1445,,True,,,sdud_2019_states.parquet
sdud,raw.sdud_state_2020,rows,row_count,all,4875,4875,4875,True,True,0,sdud_2020_states.parquet
sdud,raw.sdud_state_2020,measure,sum_number_of_prescriptions_x1000,2020,1961321000,1961321000,,True,,,sdud_2020_states.parquet
sdud,raw.sdud_state_2020,measure,sum_total_amount_reimbursed_cents,2020,165028457196,165028457196,,True,,,sdud_2020_states.parquet
sdud,raw.sdud_state_2020,measure,sum_units_reimbursed_x1000,2020,9288475529,9288475529,,True,,,sdud_2020_states.parquet
sdud,raw.sdud_state_2020,measure,n_suppressed_rows,2020,1663,1663,,True,,,sdud_2020_states.parquet
sdud,raw.sdud_state_2021,rows,row_count,all,6309,6309,6309,True,True,0,sdud_2021_states.parquet
sdud,raw.sdud_state_2021,measure,sum_number_of_prescriptions_x1000,2021,2802977000,2802977000,,True,,,sdud_2021_states.parquet
sdud,raw.sdud_state_2021,measure,sum_total_amount_reimbursed_cents,2021,256568500642,256568500642,,True,,,sdud_2021_states.parquet
sdud,raw.sdud_state_2021,measure,sum_units_reimbursed_x1000,2021,13462175516,13462175516,,True,,,sdud_2021_states.parquet
sdud,raw.sdud_state_2021,measure,n_suppressed_rows,2021,2109,2109,,True,,,sdud_2021_states.parquet
sdud,raw.sdud_state_2022,rows,row_count,all,7892,7892,7892,True,True,0,sdud_2022_states.parquet
sdud,raw.sdud_state_2022,measure,sum_number_of_prescriptions_x1000,2022,4244035000,4244035000,,True,,,sdud_2022_states.parquet
sdud,raw.sdud_state_2022,measure,sum_total_amount_reimbursed_cents,2022,416402469894,416402469894,,True,,,sdud_2022_states.parquet
sdud,raw.sdud_state_2022,measure,sum_units_reimbursed_x1000,2022,20249634360,20249634360,,True,,,sdud_2022_states.parquet
sdud,raw.sdud_state_2022,measure,n_suppressed_rows,2022,2951,2951,,True,,,sdud_2022_states.parquet
sdud,raw.sdud_state_2023,rows,row_count,all,9357,9357,9357,True,True,0,sdud_2023_states.parquet
sdud,raw.sdud_state_2023,measure,sum_number_of_prescriptions_x1000,2023,6721411000,6721411000,,True,,,sdud_2023_states.parquet
sdud,raw.sdud_state_2023,measure,sum_total_amount_reimbursed_cents,2023,699663951150,699663951150,,True,,,sdud_2023_states.parquet
sdud,raw.sdud_state_2023,measure,sum_units_reimbursed_x1000,2023,30946429804,30946429804,,True,,,sdud_2023_states.parquet
sdud,raw.sdud_state_2023,measure,n_suppressed_rows,2023,3063,3063,,True,,,sdud_2023_states.parquet
sdud,raw.sdud_state_2024,rows,row_count,all,10196,10196,10196,True,True,0,sdud_2024_states.parquet
sdud,raw.sdud_state_2024,measure,sum_number_of_prescriptions_x1000,2024,8349494000,8349494000,,True,,,sdud_2024_states.parquet
sdud,raw.sdud_state_2024,measure,sum_total_amount_reimbursed_cents,2024,883477860185,883477860185,,True,,,sdud_2024_states.parquet
sdud,raw.sdud_state_2024,measure,sum_units_reimbursed_x1000,2024,33969723824,33969723824,,True,,,sdud_2024_states.parquet
sdud,raw.sdud_state_2024,measure,n_suppressed_rows,2024,3140,3140,,True,,,sdud_2024_states.parquet
sdud,raw.sdud_state_2025,rows,row_count,all,12348,12348,12348,True,True,0,sdud_2025_states.parquet
sdud,raw.sdud_state_2025,measure,sum_number_of_prescriptions_x1000,2025,11247760000,11247760000,,True,,,sdud_2025_states.parquet
sdud,raw.sdud_state_2025,measure,sum_total_amount_reimbursed_cents,2025,1203892893683,1203892893683,,True,,,sdud_2025_states.parquet
sdud,raw.sdud_state_2025,measure,sum_units_reimbursed_x1000,2025,37253173322,37253173322,,True,,,sdud_2025_states.parquet
sdud,raw.sdud_state_2025,measure,n_suppressed_rows,2025,4043,4043,,True,,,sdud_2025_states.parquet
sdud,raw.sdud_state_2026,rows,row_count,all,3319,3319,3319,True,True,0,sdud_2026_states.parquet
sdud,raw.sdud_state_2026,measure,sum_number_of_prescriptions_x1000,2026,2409968000,2409968000,,True,,,sdud_2026_states.parquet
sdud,raw.sdud_state_2026,measure,sum_total_amount_reimbursed_cents,2026,257607130839,257607130839,,True,,,sdud_2026_states.parquet
sdud,raw.sdud_state_2026,measure,sum_units_reimbursed_x1000,2026,8025647950,8025647950,,True,,,sdud_2026_states.parquet
sdud,raw.sdud_state_2026,measure,n_suppressed_rows,2026,1118,1118,,True,,,sdud_2026_states.parquet
sdud,raw.sdud_national_2018,rows,row_count,all,177,177,177,True,True,0,sdud_2018_national_xx.parquet
sdud,raw.sdud_national_2018,measure,sum_number_of_prescriptions_x1000,2018,1083033000,1083033000,,True,,,sdud_2018_national_xx.parquet
sdud,raw.sdud_national_2018,measure,sum_total_amount_reimbursed_cents,2018,73042798938,73042798938,,True,,,sdud_2018_national_xx.parquet
sdud,raw.sdud_national_2018,measure,sum_units_reimbursed_x1000,2018,5909527902,5909527902,,True,,,sdud_2018_national_xx.parquet
sdud,raw.sdud_national_2018,measure,n_suppressed_rows,2018,20,20,,True,,,sdud_2018_national_xx.parquet
sdud,raw.sdud_national_2019,rows,row_count,all,184,184,184,True,True,0,sdud_2019_national_xx.parquet
sdud,raw.sdud_national_2019,measure,sum_number_of_prescriptions_x1000,2019,1450757000,1450757000,,True,,,sdud_2019_national_xx.parquet
sdud,raw.sdud_national_2019,measure,sum_total_amount_reimbursed_cents,2019,112833762665,112833762665,,True,,,sdud_2019_national_xx.parquet
sdud,raw.sdud_national_2019,measure,sum_units_reimbursed_x1000,2019,7464209803,7464209803,,True,,,sdud_2019_national_xx.parquet
sdud,raw.sdud_national_2019,measure,n_suppressed_rows,2019,28,28,,True,,,sdud_2019_national_xx.parquet
sdud,raw.sdud_national_2020,rows,row_count,all,211,211,211,True,True,0,sdud_2020_national_xx.parquet
sdud,raw.sdud_national_2020,measure,sum_number_of_prescriptions_x1000,2020,1967859000,1967859000,,True,,,sdud_2020_national_xx.parquet
sdud,raw.sdud_national_2020,measure,sum_total_amount_reimbursed_cents,2020,165553175617,165553175617,,True,,,sdud_2020_national_xx.parquet
sdud,raw.sdud_national_2020,measure,sum_units_reimbursed_x1000,2020,9364276429,9364276429,,True,,,sdud_2020_national_xx.parquet
sdud,raw.sdud_national_2020,measure,n_suppressed_rows,2020,32,32,,True,,,sdud_2020_national_xx.parquet
sdud,raw.sdud_national_2021,rows,row_count,all,265,265,265,True,True,0,sdud_2021_national_xx.parquet
sdud,raw.sdud_national_2021,measure,sum_number_of_prescriptions_x1000,2021,2811382000,2811382000,,True,,,sdud_2021_national_xx.parquet
sdud,raw.sdud_national_2021,measure,sum_total_amount_reimbursed_cents,2021,257324157613,257324157613,,True,,,sdud_2021_national_xx.parquet
sdud,raw.sdud_national_2021,measure,sum_units_reimbursed_x1000,2021,13562068516,13562068516,,True,,,sdud_2021_national_xx.parquet
sdud,raw.sdud_national_2021,measure,n_suppressed_rows,2021,34,34,,True,,,sdud_2021_national_xx.parquet
sdud,raw.sdud_national_2022,rows,row_count,all,352,352,352,True,True,0,sdud_2022_national_xx.parquet
sdud,raw.sdud_national_2022,measure,sum_number_of_prescriptions_x1000,2022,4254934000,4254934000,,True,,,sdud_2022_national_xx.parquet
sdud,raw.sdud_national_2022,measure,sum_total_amount_reimbursed_cents,2022,417433642121,417433642121,,True,,,sdud_2022_national_xx.parquet
sdud,raw.sdud_national_2022,measure,sum_units_reimbursed_x1000,2022,20373268560,20373268560,,True,,,sdud_2022_national_xx.parquet
sdud,raw.sdud_national_2022,measure,n_suppressed_rows,2022,35,35,,True,,,sdud_2022_national_xx.parquet
sdud,raw.sdud_national_2023,rows,row_count,all,403,403,403,True,True,0,sdud_2023_national_xx.parquet
sdud,raw.sdud_national_2023,measure,sum_number_of_prescriptions_x1000,2023,6732952000,6732952000,,True,,,sdud_2023_national_xx.parquet
sdud,raw.sdud_national_2023,measure,sum_total_amount_reimbursed_cents,2023,700817204625,700817204625,,True,,,sdud_2023_national_xx.parquet
sdud,raw.sdud_national_2023,measure,sum_units_reimbursed_x1000,2023,31055417054,31055417054,,True,,,sdud_2023_national_xx.parquet
sdud,raw.sdud_national_2023,measure,n_suppressed_rows,2023,42,42,,True,,,sdud_2023_national_xx.parquet
sdud,raw.sdud_national_2024,rows,row_count,all,460,460,460,True,True,0,sdud_2024_national_xx.parquet
sdud,raw.sdud_national_2024,measure,sum_number_of_prescriptions_x1000,2024,8360911000,8360911000,,True,,,sdud_2024_national_xx.parquet
sdud,raw.sdud_national_2024,measure,sum_total_amount_reimbursed_cents,2024,884619846221,884619846221,,True,,,sdud_2024_national_xx.parquet
sdud,raw.sdud_national_2024,measure,sum_units_reimbursed_x1000,2024,34050226094,34050226094,,True,,,sdud_2024_national_xx.parquet
sdud,raw.sdud_national_2024,measure,n_suppressed_rows,2024,57,57,,True,,,sdud_2024_national_xx.parquet
sdud,raw.sdud_national_2025,rows,row_count,all,524,524,524,True,True,0,sdud_2025_national_xx.parquet
sdud,raw.sdud_national_2025,measure,sum_number_of_prescriptions_x1000,2025,11262293000,11262293000,,True,,,sdud_2025_national_xx.parquet
sdud,raw.sdud_national_2025,measure,sum_total_amount_reimbursed_cents,2025,1205276526306,1205276526306,,True,,,sdud_2025_national_xx.parquet
sdud,raw.sdud_national_2025,measure,sum_units_reimbursed_x1000,2025,37355730046,37355730046,,True,,,sdud_2025_national_xx.parquet
sdud,raw.sdud_national_2025,measure,n_suppressed_rows,2025,85,85,,True,,,sdud_2025_national_xx.parquet
sdud,raw.sdud_national_2026,rows,row_count,all,149,149,149,True,True,0,sdud_2026_national_xx.parquet
sdud,raw.sdud_national_2026,measure,sum_number_of_prescriptions_x1000,2026,2414048000,2414048000,,True,,,sdud_2026_national_xx.parquet
sdud,raw.sdud_national_2026,measure,sum_total_amount_reimbursed_cents,2026,257964862862,257964862862,,True,,,sdud_2026_national_xx.parquet
sdud,raw.sdud_national_2026,measure,sum_units_reimbursed_x1000,2026,8062713850,8062713850,,True,,,sdud_2026_national_xx.parquet
sdud,raw.sdud_national_2026,measure,n_suppressed_rows,2026,34,34,,True,,,sdud_2026_national_xx.parquet
partd_prescribers,raw.partd_prescribers_2013,rows,row_count,all,28391,28391,28391,True,True,0,partd_prescribers_2013.parquet
partd_prescribers,raw.partd_prescribers_2013,measure,sum_tot_clms,2013,674072,674072,,True,,,partd_prescribers_2013.parquet
partd_prescribers,raw.partd_prescribers_2013,measure,sum_tot_drug_cst_cents,2013,34574180518,34574180518,,True,,,partd_prescribers_2013.parquet
partd_prescribers,raw.partd_prescribers_2014,rows,row_count,all,34361,34361,34361,True,True,0,partd_prescribers_2014.parquet
partd_prescribers,raw.partd_prescribers_2014,measure,sum_tot_clms,2014,829898,829898,,True,,,partd_prescribers_2014.parquet
partd_prescribers,raw.partd_prescribers_2014,measure,sum_tot_drug_cst_cents,2014,50580866203,50580866203,,True,,,partd_prescribers_2014.parquet
partd_prescribers,raw.partd_prescribers_2015,rows,row_count,all,41869,41869,41869,True,True,0,partd_prescribers_2015.parquet
partd_prescribers,raw.partd_prescribers_2015,measure,sum_tot_clms,2015,1004258,1004258,,True,,,partd_prescribers_2015.parquet
partd_prescribers,raw.partd_prescribers_2015,measure,sum_tot_drug_cst_cents,2015,69773393677,69773393677,,True,,,partd_prescribers_2015.parquet
partd_prescribers,raw.partd_prescribers_2016,rows,row_count,all,56078,56078,56078,True,True,0,partd_prescribers_2016.parquet
partd_prescribers,raw.partd_prescribers_2016,measure,sum_tot_clms,2016,1395248,1395248,,True,,,partd_prescribers_2016.parquet
partd_prescribers,raw.partd_prescribers_2016,measure,sum_tot_drug_cst_cents,2016,109230418156,109230418156,,True,,,partd_prescribers_2016.parquet
partd_prescribers,raw.partd_prescribers_2017,rows,row_count,all,72298,72298,72298,True,True,0,partd_prescribers_2017.parquet
partd_prescribers,raw.partd_prescribers_2017,measure,sum_tot_clms,2017,1932352,1932352,,True,,,partd_prescribers_2017.parquet
partd_prescribers,raw.partd_prescribers_2017,measure,sum_tot_drug_cst_cents,2017,170749414136,170749414136,,True,,,partd_prescribers_2017.parquet
partd_prescribers,raw.partd_prescribers_2018,rows,row_count,all,92707,92707,92707,True,True,0,partd_prescribers_2018.parquet
partd_prescribers,raw.partd_prescribers_2018,measure,sum_tot_clms,2018,2629098,2629098,,True,,,partd_prescribers_2018.parquet
partd_prescribers,raw.partd_prescribers_2018,measure,sum_tot_drug_cst_cents,2018,260439758340,260439758340,,True,,,partd_prescribers_2018.parquet
partd_prescribers,raw.partd_prescribers_2019,rows,row_count,all,123888,123888,123888,True,True,0,partd_prescribers_2019.parquet
partd_prescribers,raw.partd_prescribers_2019,measure,sum_tot_clms,2019,3721129,3721129,,True,,,partd_prescribers_2019.parquet
partd_prescribers,raw.partd_prescribers_2019,measure,sum_tot_drug_cst_cents,2019,399894068266,399894068266,,True,,,partd_prescribers_2019.parquet
partd_prescribers,raw.partd_prescribers_2020,rows,row_count,all,152357,152357,152357,True,True,0,partd_prescribers_2020.parquet
partd_prescribers,raw.partd_prescribers_2020,measure,sum_tot_clms,2020,4868661,4868661,,True,,,partd_prescribers_2020.parquet
partd_prescribers,raw.partd_prescribers_2020,measure,sum_tot_drug_cst_cents,2020,570190065453,570190065453,,True,,,partd_prescribers_2020.parquet
partd_prescribers,raw.partd_prescribers_2021,rows,row_count,all,180863,180863,180863,True,True,0,partd_prescribers_2021.parquet
partd_prescribers,raw.partd_prescribers_2021,measure,sum_tot_clms,2021,6310506,6310506,,True,,,partd_prescribers_2021.parquet
partd_prescribers,raw.partd_prescribers_2021,measure,sum_tot_drug_cst_cents,2021,802491448593,802491448593,,True,,,partd_prescribers_2021.parquet
partd_prescribers,raw.partd_prescribers_2022,rows,row_count,all,230236,230236,230236,True,True,0,partd_prescribers_2022.parquet
partd_prescribers,raw.partd_prescribers_2022,measure,sum_tot_clms,2022,8534110,8534110,,True,,,partd_prescribers_2022.parquet
partd_prescribers,raw.partd_prescribers_2022,measure,sum_tot_drug_cst_cents,2022,1148334490470,1148334490470,,True,,,partd_prescribers_2022.parquet
partd_prescribers,raw.partd_prescribers_2023,rows,row_count,all,351240,351240,351240,True,True,0,partd_prescribers_2023.parquet
partd_prescribers,raw.partd_prescribers_2023,measure,sum_tot_clms,2023,14291710,14291710,,True,,,partd_prescribers_2023.parquet
partd_prescribers,raw.partd_prescribers_2023,measure,sum_tot_drug_cst_cents,2023,1929610203461,1929610203461,,True,,,partd_prescribers_2023.parquet
partd_prescribers,raw.partd_prescribers_2024,rows,row_count,all,426932,426932,426932,True,True,0,partd_prescribers_2024.parquet
partd_prescribers,raw.partd_prescribers_2024,measure,sum_tot_clms,2024,19809313,19809313,,True,,,partd_prescribers_2024.parquet
partd_prescribers,raw.partd_prescribers_2024,measure,sum_tot_drug_cst_cents,2024,2481318705619,2481318705619,,True,,,partd_prescribers_2024.parquet
nadac,raw.nadac_2018,rows,row_count,all,774,774,774,True,True,0,nadac_2018.parquet
nadac,raw.nadac_2018,measure,nadac_row_count,2018,774,774,,True,,,nadac_2018.parquet
nadac,raw.nadac_2018,measure,sum_nadac_per_unit_x1e6,2018,156500188860,156500188860,,True,,,nadac_2018.parquet
nadac,raw.nadac_2019,rows,row_count,all,793,793,793,True,True,0,nadac_2019.parquet
nadac,raw.nadac_2019,measure,nadac_row_count,2019,793,793,,True,,,nadac_2019.parquet
nadac,raw.nadac_2019,measure,sum_nadac_per_unit_x1e6,2019,194045164700,194045164700,,True,,,nadac_2019.parquet
nadac,raw.nadac_2020,rows,row_count,all,886,886,886,True,True,0,nadac_2020.parquet
nadac,raw.nadac_2020,measure,nadac_row_count,2020,886,886,,True,,,nadac_2020.parquet
nadac,raw.nadac_2020,measure,sum_nadac_per_unit_x1e6,2020,202024372740,202024372740,,True,,,nadac_2020.parquet
nadac,raw.nadac_2021,rows,row_count,all,1113,1113,1113,True,True,0,nadac_2021.parquet
nadac,raw.nadac_2021,measure,nadac_row_count,2021,1113,1113,,True,,,nadac_2021.parquet
nadac,raw.nadac_2021,measure,sum_nadac_per_unit_x1e6,2021,305278773590,305278773590,,True,,,nadac_2021.parquet
nadac,raw.nadac_2022,rows,row_count,all,1580,1580,1580,True,True,0,nadac_2022.parquet
nadac,raw.nadac_2022,measure,nadac_row_count,2022,1580,1580,,True,,,nadac_2022.parquet
nadac,raw.nadac_2022,measure,sum_nadac_per_unit_x1e6,2022,475536634890,475536634890,,True,,,nadac_2022.parquet
nadac,raw.nadac_2023,rows,row_count,all,1885,1885,1885,True,True,0,nadac_2023.parquet
nadac,raw.nadac_2023,measure,nadac_row_count,2023,1885,1885,,True,,,nadac_2023.parquet
nadac,raw.nadac_2023,measure,sum_nadac_per_unit_x1e6,2023,627860698390,627860698390,,True,,,nadac_2023.parquet
nadac,raw.nadac_2024,rows,row_count,all,2229,2229,2229,True,True,0,nadac_2024.parquet
nadac,raw.nadac_2024,measure,nadac_row_count,2024,2229,2229,,True,,,nadac_2024.parquet
nadac,raw.nadac_2024,measure,sum_nadac_per_unit_x1e6,2024,805295712950,805295712950,,True,,,nadac_2024.parquet
nadac,raw.nadac_2025,rows,row_count,all,2399,2399,2399,True,True,0,nadac_2025.parquet
nadac,raw.nadac_2025,measure,nadac_row_count,2025,2399,2399,,True,,,nadac_2025.parquet
nadac,raw.nadac_2025,measure,sum_nadac_per_unit_x1e6,2025,850681767100,850681767100,,True,,,nadac_2025.parquet
nadac,raw.nadac_2026,rows,row_count,all,2380,2380,2380,True,True,0,nadac_2026.parquet
nadac,raw.nadac_2026,measure,nadac_row_count,2026,2380,2380,,True,,,nadac_2026.parquet
nadac,raw.nadac_2026,measure,sum_nadac_per_unit_x1e6,2026,637723844070,637723844070,,True,,,nadac_2026.parquet
open_payments,raw.open_payments_general_2019,rows,row_count,all,469003,469003,469003,True,True,0,open_payments_2019.parquet
open_payments,raw.open_payments_general_2019,measure,sum_amount_usd_cents,2019,3058801199,3058801199,,True,,,open_payments_2019.parquet
open_payments,raw.open_payments_general_2020,rows,row_count,all,360127,360127,360127,True,True,0,open_payments_2020.parquet
open_payments,raw.open_payments_general_2020,measure,sum_amount_usd_cents,2020,2158968602,2158968602,,True,,,open_payments_2020.parquet
open_payments,raw.open_payments_general_2021,rows,row_count,all,641999,641999,641999,True,True,0,open_payments_2021.parquet
open_payments,raw.open_payments_general_2021,measure,sum_amount_usd_cents,2021,3371910378,3371910378,,True,,,open_payments_2021.parquet
open_payments,raw.open_payments_general_2022,rows,row_count,all,717711,717711,717711,True,True,0,open_payments_2022.parquet
open_payments,raw.open_payments_general_2022,measure,sum_amount_usd_cents,2022,4292179876,4292179876,,True,,,open_payments_2022.parquet
open_payments,raw.open_payments_general_2023,rows,row_count,all,705819,705819,705819,True,True,0,open_payments_2023.parquet
open_payments,raw.open_payments_general_2023,measure,sum_amount_usd_cents,2023,2775399565,2775399565,,True,,,open_payments_2023.parquet
open_payments,raw.open_payments_general_2024,rows,row_count,all,738979,738979,738979,True,True,0,open_payments_2024.parquet
open_payments,raw.open_payments_general_2024,measure,sum_amount_usd_cents,2024,3397392398,3397392398,,True,,,open_payments_2024.parquet
open_payments,raw.open_payments_general_2025,rows,row_count,all,678100,678100,678100,True,True,0,open_payments_2025.parquet
open_payments,raw.open_payments_general_2025,measure,sum_amount_usd_cents,2025,4834049962,4834049962,,True,,,open_payments_2025.parquet
open_payments_derived,raw.open_payments_record_products,rows,row_count,all,4311738,4311738,,True,True,0,op_record_products.parquet
open_payments_derived,raw.open_payments_record_products,measure,sum_amount_usd_cents,all,23888701980,23888701980,,True,,,op_record_products.parquet
open_payments_derived,raw.open_payments_product_attribution,rows,row_count,all,6186804,6186804,,True,True,0,op_product_attribution_long.parquet
enrollment,raw.enrollment_medicaid_chip_monthly,rows,row_count,all,11118,11118,11118,True,True,0,medicaid_chip_enrollment_monthly.parquet
enrollment,raw.enrollment_managed_care_monthly_by_type,rows,row_count,all,31164,31164,31164,True,True,0,managed_care_enrollment_monthly_by_type.parquet
enrollment,raw.enrollment_managed_care_summary_yearly,rows,row_count,all,513,513,513,True,True,0,managed_care_enrollment_summary_yearly.parquet
enrollment,raw.enrollment_managed_care_yearly_by_type,rows,row_count,all,2597,2597,2597,True,True,0,managed_care_enrollment_yearly_by_type.parquet
spending_by_drug_partd,raw.spending_partd_long,rows,row_count,all,135,135,135,True,True,0,partd_spending_by_drug_long.parquet
spending_by_drug_partd,raw.spending_partd_wide,rows,row_count,all,27,27,27,True,True,0,partd_spending_by_drug_wide.parquet
spending_by_drug_medicaid,raw.spending_medicaid_long,rows,row_count,all,145,145,145,True,True,0,medicaid_spending_by_drug_long.parquet
spending_by_drug_medicaid,raw.spending_medicaid_wide,rows,row_count,all,29,29,29,True,True,0,medicaid_spending_by_drug_wide.parquet
nppes,raw.nppes_provider,rows,row_count,all,394686,394686,394686,True,True,0,nppes_filtered_with_primary_taxonomy.parquet
nucc,raw.nucc_taxonomy,rows,row_count,all,883,883,883,True,True,0,nucc_taxonomy.parquet
nhanes,raw.nhanes_bmx_l,rows,row_count,all,8860,8860,8860,True,True,0,BMX_L.parquet
nhanes,raw.nhanes_bpq_l,rows,row_count,all,8501,8501,8501,True,True,0,BPQ_L.parquet
nhanes,raw.nhanes_bpxo_l,rows,row_count,all,7801,7801,7801,True,True,0,BPXO_L.parquet
nhanes,raw.nhanes_demo_l,rows,row_count,all,11933,11933,11933,True,True,0,DEMO_L.parquet
nhanes,raw.nhanes_diq_l,rows,row_count,all,11744,11744,11744,True,True,0,DIQ_L.parquet
nhanes,raw.nhanes_ghb_l,rows,row_count,all,7199,7199,7199,True,True,0,GHB_L.parquet
nhanes,raw.nhanes_mcq_l,rows,row_count,all,11744,11744,11744,True,True,0,MCQ_L.parquet
nhanes,raw.nhanes_p_bmx,rows,row_count,all,14300,14300,14300,True,True,0,P_BMX.parquet
nhanes,raw.nhanes_p_bpq,rows,row_count,all,10195,10195,10195,True,True,0,P_BPQ.parquet
nhanes,raw.nhanes_p_bpxo,rows,row_count,all,11656,11656,11656,True,True,0,P_BPXO.parquet
nhanes,raw.nhanes_p_demo,rows,row_count,all,15560,15560,15560,True,True,0,P_DEMO.parquet
nhanes,raw.nhanes_p_diq,rows,row_count,all,14986,14986,14986,True,True,0,P_DIQ.parquet
nhanes,raw.nhanes_p_ghb,rows,row_count,all,10409,10409,10409,True,True,0,P_GHB.parquet
nhanes,raw.nhanes_p_mcq,rows,row_count,all,14986,14986,14986,True,True,0,P_MCQ.parquet
nhanes,raw.nhanes_p_rxq_rx,rows,row_count,all,32962,32962,32962,True,True,0,P_RXQ_RX.parquet
nhanes,raw.nhanes_rxq_drug,rows,row_count,all,1551,1551,1551,True,True,0,RXQ_DRUG.parquet
nhanes,raw.nhanes_rxq_rx_l,rows,row_count,all,11933,11933,11933,True,True,0,RXQ_RX_L.parquet
meps,raw.meps_cond_2023,rows,row_count,all,63656,63656,63656,True,True,0,meps_cond_2023_h249.parquet
meps,raw.meps_cond_2024,rows,row_count,all,67705,67705,67705,True,True,0,meps_cond_2024_h255.parquet
meps,raw.meps_fyc_2023,rows,row_count,all,18919,18919,18919,True,True,0,meps_fyc_2023_h251.parquet
meps,raw.meps_fyc_2024_p2,rows,row_count,all,19140,19140,19140,True,True,(see part 1),meps_fyc_2024_h256.parquet
meps,raw.meps_fyc_2024_p1,rows,row_count,all,19140,19140,19140,True,True,0,meps_fyc_2024_h256.parquet
meps,raw.meps_rx_2023,rows,row_count,all,192275,192275,192275,True,True,0,meps_rx_2023_h248a.parquet
meps,raw.meps_rx_2024,rows,row_count,all,204550,204550,204550,True,True,0,meps_rx_2024_h254a.parquet
clinicaltrials,raw.ctgov_studies,rows,row_count,all,1569,1569,1569,True,True,0,clinicaltrials_inscope.parquet
drugsatfda,raw.fda_applications,rows,row_count,all,32,32,32,True,True,0,drugsatfda_applications.parquet
drugsatfda,raw.fda_products,rows,row_count,all,119,119,119,True,True,0,drugsatfda_products.parquet
drugsatfda,raw.fda_submissions,rows,row_count,all,297,297,297,True,True,0,drugsatfda_submissions.parquet
drugsatfda,raw.fda_application_docs,rows,row_count,all,580,580,580,True,True,0,drugsatfda_application_docs.parquet
drugsatfda,raw.fda_marketing_status,rows,row_count,all,119,119,119,True,True,0,drugsatfda_marketing_status.parquet
