title,publisher,url,date_accessed,sha256_of_saved_copy,in_repo,saved_copy,reason
KFF Health Tracking Poll: 1 in 8 adults say they are currently taking a GLP-1 drug (Nov 2025 poll),KFF,https://www.kff.org/public-opinion/poll-1-in-8-adults-say-they-are-currently-taking-a-glp-1-drug-for-weight-loss-diabetes-or-another-condition-even-as-half-say-the-drugs-are-difficult-to-afford/,2026-10-04,9b3323c7def79f1574c88c1944886bf80f5d12b6197ba4dee0a7f985f39a0d98,no,docs/sources_local/kff_poll_glp1_current_use_2025-11.html (gitignored),copyrighted third-party publication
"KFF Health Tracking Poll topline, March 2026",KFF,https://files.kff.org/attachment/topline-kff-health-tracking-poll-march-2026.pdf,2026-10-04,ba1e3796e0416dd8879f8bedb2f7d63c89ce2bda0764d465495e30110edd686f,no,docs/sources_local/kff_poll_glp1_topline_2026-03.pdf (gitignored),copyrighted third-party publication
"NCHS Data Brief No. 511, October 2024",National Center for Health Statistics (CDC),https://www.cdc.gov/nchs/data/databriefs/db511.pdf,2026-10-04,acbde07506cf072d68c50271859eeef510ba8330ec72631349af70c3177f7d32,yes,docs/sources/nchs_data_brief_511_hypertension.pdf,U.S. government document
"42 U.S.C. 1396r-8, Payment for covered outpatient drugs (Cornell LII copy)","Legal Information Institute, Cornell Law School",https://www.law.cornell.edu/uscode/text/42/1396r-8,2026-10-04,ff7f8ed1111a621d2efceab4b1f8dc2351bec283c4c585ad1d1ae4613b69dcc0,no,docs/sources_local/uscode_42_1396r8_medicaid_drug_rebate.html (gitignored),third-party site copy of the statute
Principles of Good Practice for Budget Impact Analysis II (ISPOR Task Force),ISPOR,https://www.ispor.org/heor-resources/good-practices/article/principles-of-good-practice-for-budget-impact-analysis-ii,2026-10-04,2e3c5684b2f79da654aabe45316c963184ef5db548477fe432d858d182dcab31,no,docs/sources_local/ispor_budget_impact_good_practice_II.html (gitignored),copyrighted third-party publication
Fact Sheet: President Donald J. Trump announces major developments in bringing most-favored-nation pricing (November 2025),The White House,https://www.whitehouse.gov/fact-sheets/2025/11/fact-sheet-president-donald-j-trump-announces-major-developments-in-bringing-most-favored-nation-pricing-to-american-patients/,2026-10-04,f4b39c8882bfc58e4f058d752fe87bd8b650d312ad788c9a8c238441c80f7382,yes,docs/sources/whitehouse_fact_sheet_mfn_2025-11.html,U.S. government document
Medicare GLP-1 Bridge Expectations and FAQs,Centers for Medicare & Medicaid Services,https://www.cms.gov/files/document/medicare-glp-1-bridge-expectations-faqs.pdf,2026-10-04,5f8e3a7d84acf76a785402bc3ce78044981f53b57e1476dbe16b7fda373a2b3a,yes,docs/sources/cms_medicare_glp1_bridge_faqs.pdf,U.S. government document
Medicare GLP-1 Bridge (CMS web page),Centers for Medicare & Medicaid Services,https://www.cms.gov/medicare/coverage/prescription-drug-coverage/medicare-glp-1-bridge,2026-10-03,85c511bd8bb480cb54e37c6e359f61f7365f8f43b4c58071f5543b7f6bde3f16,yes,docs/sources/cms_medicare_glp1_bridge_page.html,"U.S. government document; an embedded third-party Mapbox public token is redacted in the repository copy, so its checksum differs from the original"
"CMS launches Medicare GLP-1 Bridge, expanding access to GLP-1 medications (press release)",Centers for Medicare & Medicaid Services,https://www.cms.gov/newsroom/press-releases/cms-launches-medicare-glp-1-bridge-expanding-access-glp-1-medications,2026-10-03,6f395eaf6e62dfe1b3cdd63da4700fe000b3a00ed5caa075eeaf5c4a51935c7b,yes,docs/sources/cms_medicare_glp1_bridge_launch_press_release.html,"U.S. government document; an embedded third-party Mapbox public token is redacted in the repository copy, so its checksum differs from the original"
Medicare GLP-1 Bridge: information for prescribers (June 2026),Centers for Medicare & Medicaid Services,https://www.cms.gov/files/document/glp-1-prescribers-c-1.pdf,2026-10-03,ebe5d2c442f37412c644d8b0c642433a96df1dc3539de7c703068eacac660d49,yes,docs/sources/cms_medicare_glp1_bridge_prescribers.pdf,U.S. government document
Sample size rule of thumb for a choice-based conjoint (CBC) study,Sawtooth Software,https://sawtoothsoftware.com/resources/blog/posts/sample-size-rules-of-thumb,2026-10-04,7bb56647304582a54ca84cd2bdebc5c2e71c0175dbbdee7db44038e0ef4dce71,no,docs/sources_local/sawtooth_sample_size_rules_of_thumb.html (gitignored),copyrighted third-party publication
"Sample size requirements for discrete-choice experiments in healthcare: a practical guide (de Bekker-Grob et al., 2015)","The Patient (Springer), via PubMed Central",https://pmc.ncbi.nlm.nih.gov/articles/PMC4575371/,2026-10-04,8d06aac945ccea2503fc0771cb91629b72f0246f0e85eafb46868ff6a16990cd,no,docs/sources_local/debekkergrob_dce_sample_size_2015.html (gitignored),copyrighted journal article
idefix: Efficient Designs for Discrete Choice Experiments (R package manual),CRAN (package author F. Traets),https://cran.r-project.org/web/packages/idefix/idefix.pdf,2026-10-04,9eef98943f4737180df31c4da25b952bb12ab29dd74c30060800c1b17edd4cb0,yes,docs/sources/cran_idefix.pdf,open-licence R package manual
AlgDesign: Algorithmic Experimental Design (R package manual),CRAN (package author B. Wheeler),https://cran.r-project.org/web/packages/AlgDesign/AlgDesign.pdf,2026-10-04,519f382439a8e84af786fc7f4448ac2386f8989aa3efd30e328e6eedc1b3688d,yes,docs/sources/cran_AlgDesign.pdf,open-licence R package manual
"Anti-obesity-Select-Agents-PA-Criteria-7-1-23-v.1.5.pdf (state policy document, MS)",medicaid.ms.gov,https://medicaid.ms.gov/wp-content/uploads/2024/03/Anti-obesity-Select-Agents-PA-Criteria-7-1-23-v.1.5.pdf,2026-10-03,bfafe65c1cdbc2a1b580afe34f025f480c01f59d52bbee76e2e9bf06704224e4,no,"data/raw/coverage_sources/MS/medicaid_ms_gov_wp_content_uploads_2024_03_Anti_obesity_Select_Agents_PA_Criteria_7_1_23_v.pdf (text extract, gitignored)",saved locally only: data/raw is not tracked; the facts used are in data/reference/medicaid_obesity_coverage.csv
"Anti-obesity-Select-Agents-PA-Criteria-7_1_2024.V4.pdf (state policy document, MS)",medicaid.ms.gov,https://medicaid.ms.gov/wp-content/uploads/2024/07/Anti-obesity-Select-Agents-PA-Criteria-7_1_2024.V4.pdf,2026-10-03,a950e7dea8d14ce82524f91a5e7e9a0037fb8f11d4cfdb4286429d469a7ad908,no,"data/raw/coverage_sources/MS/medicaid_ms_gov_wp_content_uploads_2024_07_Anti_obesity_Select_Agents_PA_Criteria_7_1_2024.pdf (text extract, gitignored)",saved locally only: data/raw is not tracked; the facts used are in data/reference/medicaid_obesity_coverage.csv
"Anti-obesity-Select-Agents-PA-Criteria-01_01_2026-to-Current.V8.pdf (state policy document, MS)",medicaid.ms.gov,https://medicaid.ms.gov/wp-content/uploads/2025/12/Anti-obesity-Select-Agents-PA-Criteria-01_01_2026-to-Current.V8.pdf,2026-10-03,91cd10c57ea31733e023bd24f2ad6ee5f4f874e16ed83771aa0996fee6158062,no,"data/raw/coverage_sources/MS/medicaid_ms_gov_wp_content_uploads_2025_12_Anti_obesity_Select_Agents_PA_Criteria_01_01_20.pdf (text extract, gitignored)",saved locally only: data/raw is not tracked; the facts used are in data/reference/medicaid_obesity_coverage.csv
"preferred-drug-list (state policy document, MS)",medicaid.ms.gov,https://medicaid.ms.gov/providers/pharmacy/preferred-drug-list/,2026-10-03,24c3f9fd1be08123e6b65320607abe5ddbbc086e0522180c03de805cb1c2f337,no,"data/raw/coverage_sources/MS/medicaid_ms_gov_providers_pharmacy_preferred_drug_list___wb20170522141741.html (text extract, gitignored)",saved locally only: data/raw is not tracked; the facts used are in data/reference/medicaid_obesity_coverage.csv
"MSPDLeffective070117.pdf (state policy document, MS)",medicaid.ms.gov,https://medicaid.ms.gov/wp-content/uploads/2017/04/MSPDLeffective070117.pdf,2026-10-03,dce8d6f0ca78338de6e9c6e30d941a321a802e38229f9b4559b07fe60e6cbdb1,no,"data/raw/coverage_sources/MS/medicaid_ms_gov_wp_content_uploads_2017_04_MSPDLeffective070117_pdf.pdf (text extract, gitignored)",saved locally only: data/raw is not tracked; the facts used are in data/reference/medicaid_obesity_coverage.csv
"MSPDLeffective11012019.pdf (state policy document, MS)",medicaid.ms.gov,https://medicaid.ms.gov/wp-content/uploads/2019/10/MSPDLeffective11012019.pdf,2026-10-03,5a0551705dc6d72b09862c85566034bdcc497a5332e767272cafb567d1af1fe5,no,"data/raw/coverage_sources/MS/medicaid_ms_gov_wp_content_uploads_2019_10_MSPDLeffective11012019_pdf.pdf (text extract, gitignored)",saved locally only: data/raw is not tracked; the facts used are in data/reference/medicaid_obesity_coverage.csv
"PTMeetingMinutes050923.pdf (state policy document, MS)",medicaid.ms.gov,https://medicaid.ms.gov/wp-content/uploads/2023/05/PTMeetingMinutes050923.pdf,2026-10-03,bd035c0dcd7a6f0f3df1e322a765b85e02d2a051d88a09159f8683bcd6284dcf,no,"data/raw/coverage_sources/MS/medicaid_ms_gov_wp_content_uploads_2023_05_PTMeetingMinutes050923_pdf.pdf (text extract, gitignored)",saved locally only: data/raw is not tracked; the facts used are in data/reference/medicaid_obesity_coverage.csv
"Anti-obesity-Select-Agents-PA-Criteria-V1.3.pdf (state policy document, MS)",medicaid.ms.gov,https://medicaid.ms.gov/wp-content/uploads/2023/04/Anti-obesity-Select-Agents-PA-Criteria-V1.3.pdf,2026-10-03,a6b123678bcbdf6ff8f210ff434c402e44b0b89f06a1daf23d98bc9da7f9bba4,no,"data/raw/coverage_sources/MS/medicaid_ms_gov_wp_content_uploads_2023_04_Anti_obesity_Select_Agents_PA_Criteria_V1_3_pdf.pdf (text extract, gitignored)",saved locally only: data/raw is not tracked; the facts used are in data/reference/medicaid_obesity_coverage.csv
"Anti-obesity-Select-Agents-PA-Criteria-07_01_2026-to-Current.V11.pdf (state policy document, MS)",medicaid.ms.gov,https://medicaid.ms.gov/wp-content/uploads/2026/06/Anti-obesity-Select-Agents-PA-Criteria-07_01_2026-to-Current.V11.pdf,2026-10-03,e310d87049486f723c01a6617b86cc2ae40ad35e747dd8b438ee0066a6a7ef6b,no,"data/raw/coverage_sources/MS/medicaid_ms_gov_wp_content_uploads_2026_06_Anti_obesity_Select_Agents_PA_Criteria_07_01_20.pdf (text extract, gitignored)",saved locally only: data/raw is not tracked; the facts used are in data/reference/medicaid_obesity_coverage.csv
"Anti-obesity-Select-Agents-PA-Criteria-10_30_2025-to-Current.V7.pdf (state policy document, MS)",medicaid.ms.gov,https://medicaid.ms.gov/wp-content/uploads/2025/10/Anti-obesity-Select-Agents-PA-Criteria-10_30_2025-to-Current.V7.pdf,2026-10-03,61cb49e048f2e5987b760c9f286f59d193cffc1eb8ffd91cbe4eb4638ffa9de5,no,"data/raw/coverage_sources/MS/medicaid_ms_gov_wp_content_uploads_2025_10_Anti_obesity_Select_Agents_PA_Criteria_10_30_20.pdf (text extract, gitignored)",saved locally only: data/raw is not tracked; the facts used are in data/reference/medicaid_obesity_coverage.csv
"nc-medicaid-reinstitute-coverage-glp-1s-weight-management (state policy document, NC)",medicaid.ncdhhs.gov,https://medicaid.ncdhhs.gov/blog/2025/12/19/nc-medicaid-reinstitute-coverage-glp-1s-weight-management,2026-10-03,addcab8dab536c14b7568ad4b5b0720d6b7fb2a9f4754868f9fc05dc2140fd9d,no,"data/raw/coverage_sources/NC/medicaid_ncdhhs_gov_blog_2025_12_19_nc_medicaid_reinstitute_coverage_glp_1s_weight_managem.html (text extract, gitignored)",saved locally only: data/raw is not tracked; the facts used are in data/reference/medicaid_obesity_coverage.csv
"nc-medicaid-change-coverage-glp-1-weight-management-medications (state policy document, NC)",medicaid.ncdhhs.gov,https://medicaid.ncdhhs.gov/blog/2025/09/05/nc-medicaid-change-coverage-glp-1-weight-management-medications,2026-10-03,30a3268221b45d04fd26941830ae2fce5b0732b359689bcd4d61eb7312a5e43e,no,"data/raw/coverage_sources/NC/medicaid_ncdhhs_gov_blog_2025_09_05_nc_medicaid_change_coverage_glp_1_weight_management_me.html (text extract, gitignored)",saved locally only: data/raw is not tracked; the facts used are in data/reference/medicaid_obesity_coverage.csv
"download (state policy document, NC)",medicaid.ncdhhs.gov,https://medicaid.ncdhhs.gov/media/15676/download?attachment=,2026-10-03,d1d8f55287c7b19022f67178672eae9a94c8d40f6d2d5a624da892d989009213,no,"data/raw/coverage_sources/NC/medicaid_ncdhhs_gov_media_15676_download_attachment_.pdf (text extract, gitignored)",saved locally only: data/raw is not tracked; the facts used are in data/reference/medicaid_obesity_coverage.csv
"mab2025112402.pdf (state policy document, PA)",www.pa.gov,https://www.pa.gov/content/dam/copapwp-pagov/en/dhs/documents/docs/publications/documents/forms-and-pubs-omap/mab2025112402.pdf,2026-10-03,,no,"data/raw/coverage_sources/PA/www_pa_gov_content_dam_copapwp_pagov_en_dhs_documents_docs_publications_documents_forms_an.pdf (text extract, gitignored)",saved locally only: data/raw is not tracked; the facts used are in data/reference/medicaid_obesity_coverage.csv
"obesity-treatment-agents-20240902.pdf (state policy document, PA)",www.pa.gov,https://www.pa.gov/content/dam/copapwp-pagov/en/dhs/documents/providers/pharmacy-services/documents/clinical-guidelines-non-pdl/obesity-treatment-agents-20240902.pdf,2026-10-03,5cbd5f1d355e8d75526682d283186bc278e2afbd0a98fa0f7594d9799045b6a2,no,"data/raw/coverage_sources/PA/www_pa_gov_content_dam_copapwp_pagov_en_dhs_documents_providers_pharmacy_services_document.pdf (text extract, gitignored)",saved locally only: data/raw is not tracked; the facts used are in data/reference/medicaid_obesity_coverage.csv
"glp-1-receptor-agonists-maac-20260122.pdf (state policy document, PA)",www.pa.gov,https://www.pa.gov/content/dam/copapwp-pagov/en/dhs/documents/about/dhs-information/documents/informationforadvocatesandstakeholders/maac/glp-1-receptor-agonists-maac-20260122.pdf,2026-10-03,0ae4b02f227ec5ca379436969dcf79df11880184592e5a3405745f69a0fe744a,no,"data/raw/coverage_sources/PA/www_pa_gov_content_dam_copapwp_pagov_en_dhs_documents_about_dhs_information_documents_info.pdf (text extract, gitignored)",saved locally only: data/raw is not tracked; the facts used are in data/reference/medicaid_obesity_coverage.csv
"July2025-MIB.pdf (state policy document, UT)",medicaid-documents.dhhs.utah.gov,https://medicaid-documents.dhhs.utah.gov/Documents/manuals/pdfs/Medicaid+Information+Bulletins/Traditional+Medicaid+Program/2025/July2025-MIB.pdf,2026-10-03,a407a301c97fb20be518d2db8084b3ecd077d10648d923af307e62facf38011e,no,"data/raw/coverage_sources/UT/medicaid_documents_dhhs_utah_gov_Documents_manuals_pdfs_Medicaid_Information_Bulletins_Tra.pdf (text extract, gitignored)",saved locally only: data/raw is not tracked; the facts used are in data/reference/medicaid_obesity_coverage.csv
"virginia-medicaid-preferred-drug-list-common-core-formulary-and-new-drug-utilization (state policy document, VA)",vamedicaid.dmas.virginia.gov,https://vamedicaid.dmas.virginia.gov/bulletin/virginia-medicaid-preferred-drug-list-common-core-formulary-and-new-drug-utilization,2026-10-03,47266774db722ef7595bcc39714de5eb4bcbeb04869ed7a866874bcfe686cdff,no,"data/raw/coverage_sources/VA/vamedicaid_dmas_virginia_gov_bulletin_virginia_medicaid_preferred_drug_list_common_core_fo.html (text extract, gitignored)",saved locally only: data/raw is not tracked; the facts used are in data/reference/medicaid_obesity_coverage.csv
"PDF (state policy document, VA)",rga.lis.virginia.gov,https://rga.lis.virginia.gov/Published/2024/RD208/PDF,2026-10-03,306c3e5415b50591ecbac897bcdb8e730be70bf6ea958922ee3e53bca4c031e0,no,"data/raw/coverage_sources/VA/rga_lis_virginia_gov_Published_2024_RD208_PDF.pdf (text extract, gitignored)",saved locally only: data/raw is not tracked; the facts used are in data/reference/medicaid_obesity_coverage.csv
"MAB2022120903.pdf (state policy document, PA)",www.pa.gov,https://www.pa.gov/content/dam/copapwp-pagov/en/dhs/documents/docs/publications/documents/forms-and-pubs-omap/MAB2022120903.pdf,2026-10-03,,no,"data/raw/coverage_sources/PA/www_pa_gov_content_dam_copapwp_pagov_en_dhs_documents_docs_publications_documents_forms_an.pdf (text extract, gitignored)",saved locally only: data/raw is not tracked; the facts used are in data/reference/medicaid_obesity_coverage.csv
"glp-1-receptor-agonists-combination-agents-pdl-edit (state policy document, MO)",mydss.mo.gov,https://mydss.mo.gov/glp-1-receptor-agonists-combination-agents-pdl-edit,2026-10-03,80ad9265c821cd0d36431c55d5cf80c4acfe3e40db46c263ed3b370134f0a00f,no,"data/raw/coverage_sources/MO/lp_1_receptor_agonists_combination_agents_pdl_edit_f3b59f.html (text extract, gitignored)",saved locally only: data/raw is not tracked; the facts used are in data/reference/medicaid_obesity_coverage.csv
"Posting PDL Static Document 2025.02.01.pdf (state policy document, MO)",mydss.mo.gov,https://mydss.mo.gov/sites/mydss/files/media/pdf/2025/01/Posting%20PDL%20Static%20Document%202025.02.01.pdf,2026-10-03,caf9b99678e4de66b7699e817c62e35d25da86ba81a4d56baa168e485c064131,no,"data/raw/coverage_sources/MO/Posting_20PDL_20Static_20Document_202025_02_01_pdf_e67ae4.pdf (text extract, gitignored)",saved locally only: data/raw is not tracked; the facts used are in data/reference/medicaid_obesity_coverage.csv
"3f4823a (state policy document, MO)",content.govdelivery.com,https://content.govdelivery.com/accounts/MODSS/bulletins/3f4823a,2026-10-03,90446e6aa2277b09044fac41dc862200e6c3acaee14576625fce6ce747849081,no,"data/raw/coverage_sources/MO/t_govdelivery_com_accounts_MODSS_bulletins_3f4823a_14f0c8.html (text extract, gitignored)",saved locally only: data/raw is not tracked; the facts used are in data/reference/medicaid_obesity_coverage.csv
"pharmacy (state policy document, MO)",mydss.mo.gov,https://mydss.mo.gov/mhd/pharmacy,2026-10-03,374762f39082cb8525a2b2ba3de3114f1fcbf16d7a0bfeb36c552acb949804e1,no,"data/raw/coverage_sources/MO/mydss_mo_gov_mhd_pharmacy_625e49__wb20240725023159.html (text extract, gitignored)",saved locally only: data/raw is not tracked; the facts used are in data/reference/medicaid_obesity_coverage.csv
"clinedit.htm (state policy document, MO)",dss.mo.gov,https://dss.mo.gov/mhd/cs/pharmacy/pages/clinedit.htm,2026-10-03,7a7500a6d42bb467ad6683c95fd7f680e7081931ec4400bdf9c30e468934756f,no,"data/raw/coverage_sources/MO/dss_mo_gov_mhd_cs_pharmacy_pages_clinedit_htm_90d220__wb20250202093419.html (text extract, gitignored)",saved locally only: data/raw is not tracked; the facts used are in data/reference/medicaid_obesity_coverage.csv
"pharmacy-clinical-edits-pdl (state policy document, MO)",mydss.mo.gov,https://mydss.mo.gov/mhd/pharmacy-clinical-edits-pdl,2026-10-03,40a34d470a9186fc3d8f81e599c7f218d2da89b4a5ef72bc0e652dbeaf6f3f5f,no,"data/raw/coverage_sources/MO/mydss_mo_gov_mhd_pharmacy_clinical_edits_pdl_1d8e81__wb20240613135245.html (text extract, gitignored)",saved locally only: data/raw is not tracked; the facts used are in data/reference/medicaid_obesity_coverage.csv
"search (state policy document, DE)",medicaidpublications.dhss.delaware.gov,https://medicaidpublications.dhss.delaware.gov/docs/search?Command=Core_Download&EntryId=940,2026-10-03,c68c2f24bf992a2c012bad85b55a63220e8bd0574e132e3791b21f00abf6d23c,no,"data/raw/coverage_sources/DE/_gov_docs_search_Command_Core_Download_EntryId_940_a39fb7.pdf (text extract, gitignored)",saved locally only: data/raw is not tracked; the facts used are in data/reference/medicaid_obesity_coverage.csv
"Anti-Obesity-Agents-PDF (state policy document, KS)",www.kdhe.ks.gov,https://www.kdhe.ks.gov/DocumentCenter/View/34035/Anti-Obesity-Agents-PDF,2026-10-03,a658acd9a2a84aef9ebe52f11d3d6e068c2a93de54de4b6c505ca84b9bc698f8,no,"data/raw/coverage_sources/KS/_DocumentCenter_View_34035_Anti_Obesity_Agents_PDF_47f840.pdf (text extract, gitignored)",saved locally only: data/raw is not tracked; the facts used are in data/reference/medicaid_obesity_coverage.csv
"Preferred-Drug-List-PDF (state policy document, KS)",www.kdhe.ks.gov,https://www.kdhe.ks.gov/DocumentCenter/View/420/Preferred-Drug-List-PDF,2026-10-03,18b59a108e48f64dafecf9f08420bd33239b69918c3b18f3039b508ed47aba08,no,"data/raw/coverage_sources/KS/ov_DocumentCenter_View_420_Preferred_Drug_List_PDF_ef4fb4.pdf (text extract, gitignored)",saved locally only: data/raw is not tracked; the facts used are in data/reference/medicaid_obesity_coverage.csv
"Drug-Utilization-Review-Board-Newsletter-Q1-2024-PDF (state policy document, KS)",www.kdhe.ks.gov,https://www.kdhe.ks.gov/DocumentCenter/View/46298/Drug-Utilization-Review-Board-Newsletter-Q1-2024-PDF,2026-10-03,eb200f3463d0a7469dcfbc1c8df023c88e0a336cca69e099e7b6cdccdb23b47b,no,"data/raw/coverage_sources/KS/ug_Utilization_Review_Board_Newsletter_Q1_2024_PDF_2137be.pdf (text extract, gitignored)",saved locally only: data/raw is not tracked; the facts used are in data/reference/medicaid_obesity_coverage.csv
"2023-09.pdf (state policy document, WI)",www.forwardhealth.wi.gov,https://www.forwardhealth.wi.gov/kw/pdf/2023-09.pdf,2026-10-03,3aae483eda6e7367861bb369f5dd39e05b98269b41c0f340658dc6973c3e390e,no,"data/raw/coverage_sources/WI/www_forwardhealth_wi_gov_kw_pdf_2023_09_pdf_5f87c8.pdf (text extract, gitignored)",saved locally only: data/raw is not tracked; the facts used are in data/reference/medicaid_obesity_coverage.csv
"2024-16.pdf (state policy document, WI)",www.forwardhealth.wi.gov,https://www.forwardhealth.wi.gov/kw/pdf/2024-16.pdf,2026-10-03,95223cb58e217c38a215cebabe04eaa194094ce02d9d55558b710ebf8e1cb4b9,no,"data/raw/coverage_sources/WI/www_forwardhealth_wi_gov_kw_pdf_2024_16_pdf_bd4e31.pdf (text extract, gitignored)",saved locally only: data/raw is not tracked; the facts used are in data/reference/medicaid_obesity_coverage.csv
"2025-16.pdf (state policy document, WI)",www.forwardhealth.wi.gov,https://www.forwardhealth.wi.gov/kw/pdf/2025-16.pdf,2026-10-03,b62d4cb7241dddb721c29322bf77dda5b3a8e79b0bd853ec8c6a940f994b9613,no,"data/raw/coverage_sources/WI/www_forwardhealth_wi_gov_kw_pdf_2025_16_pdf_df0e42.pdf (text extract, gitignored)",saved locally only: data/raw is not tracked; the facts used are in data/reference/medicaid_obesity_coverage.csv
"2025-36.pdf (state policy document, WI)",www.forwardhealth.wi.gov,https://www.forwardhealth.wi.gov/kw/pdf/2025-36.pdf,2026-10-03,b0318f96199e6f00f53fdc58fe0e48a3db500761b9ef4fbcef1aa92fe1c13650,no,"data/raw/coverage_sources/WI/www_forwardhealth_wi_gov_kw_pdf_2025_36_pdf_b80f52.pdf (text extract, gitignored)",saved locally only: data/raw is not tracked; the facts used are in data/reference/medicaid_obesity_coverage.csv
"Change+in+Medicaid+Coverage+for+GLP-1+Medications.pdf (state policy document, NH)",nhmmis.nh.gov,https://nhmmis.nh.gov/portals/wps/wcm/connect/94e54cab-e0c4-4645-b70a-b101315f0c14/Change+in+Medicaid+Coverage+for+GLP-1+Medications.pdf?MOD=AJPERES&CVID=pDByspn,2026-10-03,61eeef60253ab69387b0a296720f54587d974070a49d5c4677528728234a72ab,no,"data/raw/coverage_sources/NH/for_GLP_1_Medications_pdf_MOD_AJPERES_CVID_pDByspn_290541.pdf (text extract, gitignored)",saved locally only: data/raw is not tracked; the facts used are in data/reference/medicaid_obesity_coverage.csv
"12_A_GLP-1_Coverage_Considerations.pdf (state policy document, CA)",medi-calrx.dhcs.ca.gov,https://medi-calrx.dhcs.ca.gov/cms/medicalrx/static-assets/documents/provider/2025/12_A_GLP-1_Coverage_Considerations.pdf,2026-10-03,87a5d20dde14384e32925f854fa40f39f225c4b5dbf3b18dd6e7b1014c07e633,no,"data/raw/coverage_sources/CA/ovider_2025_12_A_GLP_1_Coverage_Considerations_pdf_2c3bbb.pdf (text extract, gitignored)",saved locally only: data/raw is not tracked; the facts used are in data/reference/medicaid_obesity_coverage.csv
"State_Budget_Policy_Updates_FAQ.pdf (state policy document, CA)",medi-calrx.dhcs.ca.gov,https://medi-calrx.dhcs.ca.gov/cms/medicalrx/static-assets/documents/faq/State_Budget_Policy_Updates_FAQ.pdf,2026-10-03,ef328636d3cc863a695dcaae35b9e930d6f2837e677efae2ca44793d6f797378,no,"data/raw/coverage_sources/CA/_documents_faq_State_Budget_Policy_Updates_FAQ_pdf_2b8bae.pdf (text extract, gitignored)",saved locally only: data/raw is not tracked; the facts used are in data/reference/medicaid_obesity_coverage.csv
"MSA_21-49-Pharmacy.pdf (state policy document, MI)",www.michigan.gov,https://www.michigan.gov/mdhhs/-/media/Project/Websites/mdhhs/Folder50/Folder2/MSA_21-49-Pharmacy.pdf?rev=cea5723991af41909ea0f779580fcc21&hash=37B87FC50F12841788097F24E4C4325D,2026-10-03,554c388eeb771509502ca00a16fecf4555c5ed9883c8b94a3e8fed6af961ea15,no,"data/raw/coverage_sources/MI/f779580fcc21_hash_37B87FC50F12841788097F24E4C4325D_19202b.pdf (text extract, gitignored)",saved locally only: data/raw is not tracked; the facts used are in data/reference/medicaid_obesity_coverage.csv
"Anti-Obesity_Drug_Coverage_SPA_21-0018_-_Submission.pdf (state policy document, MI)",www.michigan.gov,https://www.michigan.gov/mdhhs/-/media/Project/Websites/mdhhs/Folder50/Folder2/Anti-Obesity_Drug_Coverage_SPA_21-0018_-_Submission.pdf,2026-10-03,b242155270f3604bdc28e2de78365b5baa5eb0749924cb71e3a8887fa2579a25,no,"data/raw/coverage_sources/MI/Obesity_Drug_Coverage_SPA_21_0018___Submission_pdf_9db5ec.pdf (text extract, gitignored)",saved locally only: data/raw is not tracked; the facts used are in data/reference/medicaid_obesity_coverage.csv
"PDL 07.18.2022.pdf (state policy document, RI)",eohhs.ri.gov,https://eohhs.ri.gov/sites/g/files/xkgbur226/files/2022-07/PDL%2007.18.2022.pdf,2026-10-03,dc8eaff69ace1dbf83a018bd79f00c3324193359215c44727d14b551fbfcf9d0,no,"data/raw/coverage_sources/RI/files_xkgbur226_files_2022_07_PDL_2007_18_2022_pdf_1b871f.pdf (text extract, gitignored)",saved locally only: data/raw is not tracked; the facts used are in data/reference/medicaid_obesity_coverage.csv
"PDL 01.17.2024.pdf (state policy document, RI)",eohhs.ri.gov,https://eohhs.ri.gov/sites/g/files/xkgbur226/files/2024-01/PDL%2001.17.2024.pdf,2026-10-03,243a03167d9878e3bca5bb4d774c296dba5bae3a793f1a5c0b4399ade1619e95,no,"data/raw/coverage_sources/RI/files_xkgbur226_files_2024_01_PDL_2001_17_2024_pdf_debce6.pdf (text extract, gitignored)",saved locally only: data/raw is not tracked; the facts used are in data/reference/medicaid_obesity_coverage.csv
"2026 08 13 GLP-1 Change 2026 10 01.docx.pdf (state policy document, RI)",eohhs.ri.gov,https://eohhs.ri.gov/sites/g/files/xkgbur226/files/2026-08/2026%2008%2013%20GLP-1%20Change%202026%2010%2001.docx.pdf,2026-10-03,84cdafadc775f16f2bd8756a437fb2bfafaaab81b788d72fa10ad9701677ccf6,no,"data/raw/coverage_sources/RI/08_2013_20GLP_1_20Change_202026_2010_2001_docx_pdf_02512c.pdf (text extract, gitignored)",saved locally only: data/raw is not tracked; the facts used are in data/reference/medicaid_obesity_coverage.csv
"anti-obesity-medications.jsp (state policy document, MN)",mn.gov,https://mn.gov/dhs/partners-and-providers/policies-procedures/minnesota-health-care-programs/provider/types/rx/pa-criteria/anti-obesity-medications.jsp,2026-10-03,9a95cda5467aa364d99d61312177d02f89683f55f455c8eaf79b758c353a9d2f,no,"data/raw/coverage_sources/MN/_types_rx_pa_criteria_anti_obesity_medications_jsp_f1adfb.html (text extract, gitignored)",saved locally only: data/raw is not tracked; the facts used are in data/reference/medicaid_obesity_coverage.csv
"19033 (state policy document, MN)",www.house.mn.gov,https://www.house.mn.gov/SessionDaily/Story/19033,2026-10-03,f66a1c75a560e619a7c2b968a07788e12ae9d0d656ea116314da38c2cbbd2fe9,no,"data/raw/coverage_sources/MN/www_house_mn_gov_SessionDaily_Story_19033_b9c806.html (text extract, gitignored)",saved locally only: data/raw is not tracked; the facts used are in data/reference/medicaid_obesity_coverage.csv
"2022-11-16-dfc-minutes_tcm1053-548911.pdf (state policy document, MN)",mn.gov,https://mn.gov/dhs/assets/2022-11-16-dfc-minutes_tcm1053-548911.pdf,2026-10-03,42ad96b91554931be1ea12596bee15e813d82f6c946092e7b531ff5a1509e3cb,no,"data/raw/coverage_sources/MN/s_assets_2022_11_16_dfc_minutes_tcm1053_548911_pdf_2afa80.pdf (text extract, gitignored)",saved locally only: data/raw is not tracked; the facts used are in data/reference/medicaid_obesity_coverage.csv
"preferred-drug-list-2023-09-15_tcm1053-592182.pdf (state policy document, MN)",mn.gov,https://mn.gov/dhs/assets/preferred-drug-list-2023-09-15_tcm1053-592182.pdf,2026-10-03,68e8168163c3842577c2dc92a38389c156bd0e66f5280dec46af3e1fe1149216,no,"data/raw/coverage_sources/MN/_preferred_drug_list_2023_09_15_tcm1053_592182_pdf_899c84.pdf (text extract, gitignored)",saved locally only: data/raw is not tracked; the facts used are in data/reference/medicaid_obesity_coverage.csv
"Download (state policy document, DE)",medicaidpublications.dhss.delaware.gov,https://medicaidpublications.dhss.delaware.gov/docs/DesktopModules/Bring2mind/DMX/API/Entries/Download?Command=Core_Download&EntryId=893&language=en-US&PortalId=0&TabId=94,2026-10-03,4fafcb0f437b7bfb6460d7f716f5a8d51d098e93dd854fc33d599bee9a5a4a1d,no,"data/raw/coverage_sources/DE/oad_EntryId_893_language_en_US_PortalId_0_TabId_94_fa5c24.pdf (text extract, gitignored)",saved locally only: data/raw is not tracked; the facts used are in data/reference/medicaid_obesity_coverage.csv
"Download (state policy document, DE)",medicaidpublications.dhss.delaware.gov,https://medicaidpublications.dhss.delaware.gov/docs/DesktopModules/Bring2mind/DMX/API/Entries/Download?Command=Core_Download&EntryId=1361&language=en-US&PortalId=0&TabId=94,2026-10-03,5fcaba87508fa244e6a7ea8e8a605ae9b64649193b8606df2482bad9855caff9,no,"data/raw/coverage_sources/DE/ad_EntryId_1361_language_en_US_PortalId_0_TabId_94_fafb74.pdf (text extract, gitignored)",saved locally only: data/raw is not tracked; the facts used are in data/reference/medicaid_obesity_coverage.csv
"GetFile.cfm (state policy document, VA)",townhall.virginia.gov,https://townhall.virginia.gov/L/GetFile.cfm?File=meeting%5C64%5C38757%5CMinutes_DMAS_38757_v1.pdf,2026-10-03,f3bb592aed05dcb18df57973398ee0d9844ebf456646d43701ffc78c3b85a9ef,no,"data/raw/coverage_sources/VA/e_meeting_5C64_5C38757_5CMinutes_DMAS_38757_v1_pdf_c5fc1a.pdf (text extract, gitignored)",saved locally only: data/raw is not tracked; the facts used are in data/reference/medicaid_obesity_coverage.csv
"GetFile.cfm (state policy document, VA)",townhall.virginia.gov,https://townhall.virginia.gov/L/GetFile.cfm?File=C%3A%2FTownHall%2Fdocroot%2FGuidanceDocs_Proposed%2F602%2FGDoc_DMAS_6557_20230623.pdf,2026-10-03,8c1b852c28921db48b0b9f587f773a84f734eb969b0582cd3f943bf346aa6b63,no,"data/raw/coverage_sources/VA/eDocs_Proposed_2F602_2FGDoc_DMAS_6557_20230623_pdf_8b9c12.pdf (text extract, gitignored)",saved locally only: data/raw is not tracked; the facts used are in data/reference/medicaid_obesity_coverage.csv
"download (state policy document, MA)",www.mass.gov,https://www.mass.gov/doc/issue-3-october-2024-0/download,2026-10-03,5a4c8c8262e60bd02c1102253af7b187f201548e58bad7f6660d0ee3befcdfe5,no,"data/raw/coverage_sources/MA/www_mass_gov_doc_issue_3_october_2024_0_download_20c0d4__wb20241225124003.pdf (text extract, gitignored)",saved locally only: data/raw is not tracked; the facts used are in data/reference/medicaid_obesity_coverage.csv
"download (state policy document, MA)",www.mass.gov,https://www.mass.gov/doc/pharmacy-facts-235-november-19-2024-0/download,2026-10-03,8c310c27403b491b0dea61bf60431f8b4ae5e87c48feed2f7d0f53439315dff3,no,"data/raw/coverage_sources/MA/doc_pharmacy_facts_235_november_19_2024_0_download_459579__wb20250121230130.pdf (text extract, gitignored)",saved locally only: data/raw is not tracked; the facts used are in data/reference/medicaid_obesity_coverage.csv
"download (state policy document, MA)",www.mass.gov,https://www.mass.gov/doc/pharmacy-facts-269-january-14-2026-0/download,2026-10-03,93c4036e35360e9106b36ddd5f3f44b4c5f4d997a3730910b0cd0953e0d1161f,no,"data/raw/coverage_sources/MA/_doc_pharmacy_facts_269_january_14_2026_0_download_2fd5d5__wb20260212191528.pdf (text extract, gitignored)",saved locally only: data/raw is not tracked; the facts used are in data/reference/medicaid_obesity_coverage.csv
"masshealth-coverage-change-anti-obesity-medications-052026 (state policy document, MA)",www.point32health.org,https://www.point32health.org/provider/masshealth-coverage-change-anti-obesity-medications-052026,2026-10-03,8d39a76b3f1b20f4513aa3c36ae9a3f11d7d8e205fc800e36da755c05659453b,no,"data/raw/coverage_sources/MA/th_coverage_change_anti_obesity_medications_052026_a11414.html (text extract, gitignored)",saved locally only: data/raw is not tracked; the facts used are in data/reference/medicaid_obesity_coverage.csv
"AntiObesity_PA_MH_Rx_01.01.25.pdf (state policy document, MA)",resources.massgeneralbrighamhealthplan.org,https://resources.massgeneralbrighamhealthplan.org/pharmacy/PharmacyPolicies/Medicaid/AntiObesity_PA_MH_Rx_01.01.25.pdf,2026-10-03,96235e8f022bbb1888292b8da81a1fcec4bb8f7ac7ec1dc354f9f8d14f218061,no,"data/raw/coverage_sources/MA/olicies_Medicaid_AntiObesity_PA_MH_Rx_01_01_25_pdf_bbe18b.pdf (text extract, gitignored)",saved locally only: data/raw is not tracked; the facts used are in data/reference/medicaid_obesity_coverage.csv
"june-update-on-vida-health-program-and-glp-1-coverage (state policy document, MA)",www.mass.gov,https://www.mass.gov/news/june-update-on-vida-health-program-and-glp-1-coverage,2026-10-03,5a95b61d75359e9ca9d92f8570696c18e6019b1f3d308e5de26ee45bc1efd5af,no,"data/raw/coverage_sources/MA/e_update_on_vida_health_program_and_glp_1_coverage_8e2608__wb20260623145242.html (text extract, gitignored)",saved locally only: data/raw is not tracked; the facts used are in data/reference/medicaid_obesity_coverage.csv
"(2024-11-22) Reminder PDL Continuity of Care.pdf (state policy document, SC)",scdhhs.gov,https://scdhhs.gov/sites/dhhs/files/documents/(2024-11-22)%20Reminder%20PDL%20Continuity%20of%20Care.pdf,2026-10-03,2073e6f53db66c588fec79d46d2cf137d4207ec8f4eb7caa32141cb289d6e2d6,no,"data/raw/coverage_sources/SC/1_22_20Reminder_20PDL_20Continuity_20of_20Care_pdf_5f52b9.pdf (text extract, gitignored)",saved locally only: data/raw is not tracked; the facts used are in data/reference/medicaid_obesity_coverage.csv
"(2024-12-2) Updated Prior Authorization Expan.pdf (state policy document, SC)",scdhhs.gov,https://scdhhs.gov/sites/dhhs/files/documents/(2024-12-2)%20Updated%20Prior%20Authorization%20Expan.pdf,2026-10-03,ad16260041bad7ed1f27cde419592f491a58e83d198617a98cc263eeb625422c,no,"data/raw/coverage_sources/SC/12_2_20Updated_20Prior_20Authorization_20Expan_pdf_96d9b7.pdf (text extract, gitignored)",saved locally only: data/raw is not tracked; the facts used are in data/reference/medicaid_obesity_coverage.csv
"download (state policy document, MA)",www.mass.gov,https://www.mass.gov/doc/pharmacy-facts-271-march-12-2026-corrected-0/download,2026-10-03,d52c8422a96443562ee9650bb6b954fb1e72345a82411592ee557d6948425fcd,no,"data/raw/coverage_sources/MA/rmacy_facts_271_march_12_2026_corrected_0_download_93f6cd__wb20260623145346.pdf (text extract, gitignored)",saved locally only: data/raw is not tracked; the facts used are in data/reference/medicaid_obesity_coverage.csv
"sc-medicaid-program-to-stop-covering-expensive-weight-loss-drugs-for-obesity (state policy document, SC)",scdailygazette.com,https://scdailygazette.com/2025/11/17/sc-medicaid-program-to-stop-covering-expensive-weight-loss-drugs-for-obesity/,2026-10-03,4c11a576e8d028c6b7399f25e420caa8bf42ab17fd0d8741aa902a4c74fc3f80,no,"data/raw/coverage_sources/SC/_covering_expensive_weight_loss_drugs_for_obesity__2d0bd8.html (text extract, gitignored)",saved locally only: data/raw is not tracked; the facts used are in data/reference/medicaid_obesity_coverage.csv
"as-demand-for-weight-loss-drugs-rises-states-grapple-with-medicaid-coverage (state policy document, SC)",scdailygazette.com,https://scdailygazette.com/2025/01/07/as-demand-for-weight-loss-drugs-rises-states-grapple-with-medicaid-coverage/,2026-10-03,f6e5cc0e82deb7af23362eed1136539858bc490abf9179771b56a482ce8a9696,no,"data/raw/coverage_sources/SC/drugs_rises_states_grapple_with_medicaid_coverage__a1838e.html (text extract, gitignored)",saved locally only: data/raw is not tracked; the facts used are in data/reference/medicaid_obesity_coverage.csv
"50-state-medicaid-budget-survey-fy-2024-2025 (state policy document, KFF)",www.kff.org,https://www.kff.org/medicaid/50-state-medicaid-budget-survey-fy-2024-2025/,2026-10-03,7d93608e13698902c3442663e0835612856bd2955de421e2165a44ddbbe1c441,no,"data/raw/coverage_sources/KFF/caid_50_state_medicaid_budget_survey_fy_2024_2025__bfb58d.html (text extract, gitignored)",saved locally only: data/raw is not tracked; the facts used are in data/reference/medicaid_obesity_coverage.csv
"50-state-medicaid-budget-survey-fy-2023-2024 (state policy document, KFF)",www.kff.org,https://www.kff.org/medicaid/50-state-medicaid-budget-survey-fy-2023-2024/,2026-10-03,54c15176bc78801ce6c2f38255c35bbc1c6726d9d6e0c1259a984eda0908bd42,no,"data/raw/coverage_sources/KFF/caid_50_state_medicaid_budget_survey_fy_2023_2024__7c3168.html (text extract, gitignored)",saved locally only: data/raw is not tracked; the facts used are in data/reference/medicaid_obesity_coverage.csv
"preferred-drug-list-2024-03-15_tcm1053-614255.pdf (state policy document, MN)",mn.gov,https://mn.gov/dhs/assets/preferred-drug-list-2024-03-15_tcm1053-614255.pdf,2026-10-03,8d0646c2ec654a0adeef19e1c82fcaf8ad8f60f44daa4ca0e1bdf90be63a685b,no,"data/raw/coverage_sources/MN/_preferred_drug_list_2024_03_15_tcm1053_614255_pdf_b152ac.pdf (text extract, gitignored)",saved locally only: data/raw is not tracked; the facts used are in data/reference/medicaid_obesity_coverage.csv
"preferred-drug-list-2026-01-01_tcm1053-717812.pdf (state policy document, MN)",mn.gov,https://mn.gov/dhs/assets/preferred-drug-list-2026-01-01_tcm1053-717812.pdf,2026-10-03,1f40f3a9fe71cd0689f3890b3cae4f5f9b439942e64bfaf6d14325468daf871d,no,"data/raw/coverage_sources/MN/_preferred_drug_list_2026_01_01_tcm1053_717812_pdf_8d24da.pdf (text extract, gitignored)",saved locally only: data/raw is not tracked; the facts used are in data/reference/medicaid_obesity_coverage.csv
"2024.10_B_Monthly_Bulletin.pdf (state policy document, CA)",medi-calrx.dhcs.ca.gov,https://medi-calrx.dhcs.ca.gov/cms/medicalrx/static-assets/documents/provider/pharmacy-news/2024.10_B_Monthly_Bulletin.pdf,2026-10-03,b33cda72c55d2b6984501cda4d8be69abe4dcf342d82b4b9f36afb9371438ee0,no,"data/raw/coverage_sources/CA/vider_pharmacy_news_2024_10_B_Monthly_Bulletin_pdf_492b93.pdf (text extract, gitignored)",saved locally only: data/raw is not tracked; the facts used are in data/reference/medicaid_obesity_coverage.csv
"medicaid-to-stop-covering-weight-loss-drugs-for-obesity-in-new-hampshire (state policy document, NH)",newhampshirebulletin.com,https://newhampshirebulletin.com/2025/12/05/medicaid-to-stop-covering-weight-loss-drugs-for-obesity-in-new-hampshire/,2026-10-03,e7ef5ab1e10c16f82f8b73b346559f889463fd0f887b9d0389172a16cae79876,no,"data/raw/coverage_sources/NH/ng_weight_loss_drugs_for_obesity_in_new_hampshire__b509dd.html (text extract, gitignored)",saved locally only: data/raw is not tracked; the facts used are in data/reference/medicaid_obesity_coverage.csv
"218c7285-7968-9484-a244-859e0741eeba (state policy document, NH)",nh.primetherapeutics.com,https://nh.primetherapeutics.com/documents/51139/51630/Notification%2010.09.2025%20-%20GLP-1%20Coverage%20Change/218c7285-7968-9484-a244-859e0741eeba,2026-10-03,756d60a70d70a3b0583f5167d1ee94f3fcbb5a94f33ff0a5d82eb580299290ef,no,"data/raw/coverage_sources/NH/rage_20Change_218c7285_7968_9484_a244_859e0741eeba_1c4118.pdf (text extract, gitignored)",saved locally only: data/raw is not tracked; the facts used are in data/reference/medicaid_obesity_coverage.csv
"DE-19-0009.pdf (state policy document, DE)",www.medicaid.gov,https://www.medicaid.gov/sites/default/files/2022-09/DE-19-0009.pdf,2026-10-03,565050de1e534ca563ca6038f57ecdcf736a44635ac4c52852f351741a927bfa,no,"data/raw/coverage_sources/DE/aid_gov_sites_default_files_2022_09_DE_19_0009_pdf_fb160f.pdf (text extract, gitignored)",saved locally only: data/raw is not tracked; the facts used are in data/reference/medicaid_obesity_coverage.csv
"ben15001.pdf (state policy document, TN)",www.tn.gov,https://www.tn.gov/content/dam/tn/tenncare/documents2/ben15001.pdf,2026-10-03,ec482f8ba88d21125dab258a5481fff324bc6d4c048b6522b03ca4aa4e068481,no,"data/raw/coverage_sources/TN/ov_content_dam_tn_tenncare_documents2_ben15001_pdf_f2ee76.pdf (text extract, gitignored)",saved locally only: data/raw is not tracked; the facts used are in data/reference/medicaid_obesity_coverage.csv
"AntiObesity-Drug-Coverage-SPA-210018--APPROVAL-PACKAGE.pdf (state policy document, MI)",www.michigan.gov,https://www.michigan.gov/mdhhs/-/media/Project/Websites/mdhhs/Folder1/Folder101/AntiObesity-Drug-Coverage-SPA-210018--APPROVAL-PACKAGE.pdf,2026-10-03,f19f9d8e1bc615c9485d9ca33314fe61106ce4a4f33a543d31c9cd329d261ec0,no,"data/raw/coverage_sources/MI/sity_Drug_Coverage_SPA_210018_APPROVAL_PACKAGE_pdf_a74976.pdf (text extract, gitignored)",saved locally only: data/raw is not tracked; the facts used are in data/reference/medicaid_obesity_coverage.csv
"MS-23-0013.pdf (state policy document, MS)",www.medicaid.gov,https://www.medicaid.gov/medicaid/spa/downloads/MS-23-0013.pdf,2026-10-03,70f4ccf09ed5928994c494da830ea440dc7bcece96d75c557382f579a3cbbe91,no,"data/raw/coverage_sources/MS/medicaid_gov_medicaid_spa_downloads_MS_23_0013_pdf_1ae0c9.pdf (text extract, gitignored)",saved locally only: data/raw is not tracked; the facts used are in data/reference/medicaid_obesity_coverage.csv
"January2025-MIB.pdf (state policy document, UT)",medicaid-documents.dhhs.utah.gov,https://medicaid-documents.dhhs.utah.gov/Documents/manuals/pdfs/Medicaid+Information+Bulletins/Traditional+Medicaid+Program/2025/January2025-MIB.pdf,2026-10-03,19adbd77354df1f3915630fb277b3cb3dc3734324aaea35dbdf9e3180eedd81f,no,"data/raw/coverage_sources/UT/ditional_Medicaid_Program_2025_January2025_MIB_pdf_edf37c.pdf (text extract, gitignored)",saved locally only: data/raw is not tracked; the facts used are in data/reference/medicaid_obesity_coverage.csv
"Hybrid Unified PDL Provider FAQ FINAL 9.29.25.pdf (state policy document, UT)",medicaid-documents.dhhs.utah.gov,https://medicaid-documents.dhhs.utah.gov/Documents/pdfs/Hybrid%20Unified%20PDL%20Provider%20FAQ%20FINAL%209.29.25.pdf,2026-10-03,12be93d07043210541db6bb718b95af7c5434672a393ee2f12b0ffd8becc236f,no,"data/raw/coverage_sources/UT/ified_20PDL_20Provider_20FAQ_20FINAL_209_29_25_pdf_a71587.pdf (text extract, gitignored)",saved locally only: data/raw is not tracked; the facts used are in data/reference/medicaid_obesity_coverage.csv
"SFY 2026 Data Book and Rate Methodology Letter.pdf (state policy document, SC)",scdhhs.gov,https://scdhhs.gov/sites/dhhs/files/documents/SFY%202026%20Data%20Book%20and%20Rate%20Methodology%20Letter.pdf,2026-10-03,28eaf340be26b2aa2e4a6a9921da80618a4af6e881e4dd6e0885dd1dc22600e5,no,"data/raw/coverage_sources/SC/ata_20Book_20and_20Rate_20Methodology_20Letter_pdf_e915ad.pdf (text extract, gitignored)",saved locally only: data/raw is not tracked; the facts used are in data/reference/medicaid_obesity_coverage.csv
"NH-23-0031.pdf (state policy document, SPA)",www.medicaid.gov,https://www.medicaid.gov/medicaid/spa/downloads/NH-23-0031.pdf,2026-10-03,a661a01cb186a61e8a2907f7dd56cc71dc5218a6ae2db9987d072f43f9455f53,no,"data/raw/coverage_sources/SPA/medicaid_gov_medicaid_spa_downloads_NH_23_0031_pdf_c69a40.pdf (text extract, gitignored)",saved locally only: data/raw is not tracked; the facts used are in data/reference/medicaid_obesity_coverage.csv
"NH-24-0026.pdf (state policy document, SPA)",www.medicaid.gov,https://www.medicaid.gov/medicaid/spa/downloads/NH-24-0026.pdf,2026-10-03,9791fe96d94244819998879c0c9e04bc377ee27cc7949e125c7fdd908e2dd360,no,"data/raw/coverage_sources/SPA/medicaid_gov_medicaid_spa_downloads_NH_24_0026_pdf_226b39.pdf (text extract, gitignored)",saved locally only: data/raw is not tracked; the facts used are in data/reference/medicaid_obesity_coverage.csv
"TN-25-0006.pdf (state policy document, SPA)",www.medicaid.gov,https://www.medicaid.gov/medicaid/spa/downloads/TN-25-0006.pdf,2026-10-03,09f91b81e01d1a42dc3cc8a40077ace31759fc3fc8d689ebfbee4b33dbb70463,no,"data/raw/coverage_sources/SPA/medicaid_gov_medicaid_spa_downloads_TN_25_0006_pdf_e284cd.pdf (text extract, gitignored)",saved locally only: data/raw is not tracked; the facts used are in data/reference/medicaid_obesity_coverage.csv
"WI-24-0021.pdf (state policy document, SPA)",www.medicaid.gov,https://www.medicaid.gov/medicaid/spa/downloads/WI-24-0021.pdf,2026-10-03,ffed093af0b6310a8d990567695b07a47f53d3d075c52d72db265f18841c9058,no,"data/raw/coverage_sources/SPA/medicaid_gov_medicaid_spa_downloads_WI_24_0021_pdf_e8bd1f.pdf (text extract, gitignored)",saved locally only: data/raw is not tracked; the facts used are in data/reference/medicaid_obesity_coverage.csv
"MN-19-0006.pdf (state policy document, SPA)",www.medicaid.gov,https://www.medicaid.gov/State-resource-center/Medicaid-State-Plan-Amendments/Downloads/MN/MN-19-0006.pdf,2026-10-03,5f9aed3b4f97bccda1b19f41cfa7cfb4e4fa50e52eeaeb09c77f9e7329e051b5,no,"data/raw/coverage_sources/SPA/_State_Plan_Amendments_Downloads_MN_MN_19_0006_pdf_159cfd.pdf (text extract, gitignored)",saved locally only: data/raw is not tracked; the facts used are in data/reference/medicaid_obesity_coverage.csv
"NH-14-003.pdf (state policy document, SPA)",www.medicaid.gov,https://www.medicaid.gov/State-resource-center/Medicaid-State-Plan-Amendments/Downloads/NH/NH-14-003.pdf,2026-10-03,d11be0b1d068d6b51bd772d64506f19d4091a547d5c51b3b1e6acbeca488ba08,no,"data/raw/coverage_sources/SPA/d_State_Plan_Amendments_Downloads_NH_NH_14_003_pdf_846fa2.pdf (text extract, gitignored)",saved locally only: data/raw is not tracked; the facts used are in data/reference/medicaid_obesity_coverage.csv
"NH-19-0003.pdf (state policy document, SPA)",www.medicaid.gov,https://www.medicaid.gov/State-resource-center/Medicaid-State-Plan-Amendments/Downloads/NH/NH-19-0003.pdf,2026-10-03,5c7f3398ec2f8d2c44a5244de2d23a79f941b2d82eb7b0e17c5276d1be7f5333,no,"data/raw/coverage_sources/SPA/_State_Plan_Amendments_Downloads_NH_NH_19_0003_pdf_24e54a.pdf (text extract, gitignored)",saved locally only: data/raw is not tracked; the facts used are in data/reference/medicaid_obesity_coverage.csv
"NH-16-003.pdf (state policy document, SPA)",www.medicaid.gov,https://www.medicaid.gov/State-resource-center/Medicaid-State-Plan-Amendments/Downloads/NH/NH-16-003.pdf,2026-10-03,2b7e3ba2024929d0b8270affb5fbd1d314e7de4d27ccd42b01d032834682b544,no,"data/raw/coverage_sources/SPA/d_State_Plan_Amendments_Downloads_NH_NH_16_003_pdf_d5e1d0.pdf (text extract, gitignored)",saved locally only: data/raw is not tracked; the facts used are in data/reference/medicaid_obesity_coverage.csv
"Provider-Notice-Obesity-Management-Agents-08-01-25.pdf (state policy document, TN)",contenthub-aem.optumrx.com,https://contenthub-aem.optumrx.com/content/dam/contenthub/onboarding/assets/Tenncare/Provider-Notice-Obesity-Management-Agents-08-01-25.pdf,2026-10-04,5d065133a36d4eff8d7b713f703807af0054996b565bb035a0645b77d13943bd,no,"data/raw/coverage_sources/TN/tenncare_provider_notice_obesity_mgmt_2025-08-01.txt (text extract, gitignored)",saved locally only: data/raw is not tracked; the facts used are in data/reference/medicaid_obesity_coverage.csv
"PAC-Packet-11-06-25.pdf (state policy document, TN)",contenthub-aem.optumrx.com,https://contenthub-aem.optumrx.com/content/dam/contenthub/onboarding/assets/Tenncare/PAC-Packet-11-06-25.pdf,2026-10-04,f523d0d1b5416ee133bc8e21af4c7b7a7285557c847fe96e36f7f6c1f39e9802,no,"data/raw/coverage_sources/TN/tenncare_pac_packet_2025-11-06.txt (text extract, gitignored)",saved locally only: data/raw is not tracked; the facts used are in data/reference/medicaid_obesity_coverage.csv
"Obesity-Management-Agents-PA-Form.pdf (state policy document, TN)",contenthub-aem.optumrx.com,https://contenthub-aem.optumrx.com/content/dam/contenthub/onboarding/assets/Tenncare/Obesity-Management-Agents-PA-Form.pdf,2026-10-04,a6697f2f89606500e026f448efdae55abeaf30f3ced7fda33a12a80fa14a13cf,no,"data/raw/coverage_sources/TN/tenncare_pa_form_obesity_management_agents.txt (text extract, gitignored)",saved locally only: data/raw is not tracked; the facts used are in data/reference/medicaid_obesity_coverage.csv
"MHP-Common-Formulary-PDL-PA-Criteria.pdf (state policy document, MI)",www.michigan.gov,https://www.michigan.gov/mdhhs/-/media/Project/Websites/mdhhs/Assistance-Programs/Medicaid-BPHASA/MHP-Common-Formulary-PDL-PA-Criteria.pdf,2026-10-04,6b8720a9673705cb4fd18230bba3034e7002016b1a5b405306452432029bbebb,no,"data/raw/coverage_sources/MI/mdhhs_mhp_common_formulary_pa_criteria_2025-09-01.txt (text extract, gitignored)",saved locally only: data/raw is not tracked; the facts used are in data/reference/medicaid_obesity_coverage.csv
"VAMPS_SAform_Anti_Obesity.pdf (state policy document, VA)",www.virginiamedicaidpharmacyservices.com,https://www.virginiamedicaidpharmacyservices.com/provider/external/medicaid/vamps/doc/en-us/VAMPS_SAform_Anti_Obesity.pdf,2026-10-04,e4cfdba88648732935721f1c0d6d3772390d1e09543387712ff1ed93f9bff59c,no,"data/raw/coverage_sources/VA/dmas_service_authorization_form_anti_obesity.txt (text extract, gitignored)",saved locally only: data/raw is not tracked; the facts used are in data/reference/medicaid_obesity_coverage.csv
"VAMPS_SAform_Weight_Loss_Management.pdf (state policy document, VA)",www.virginiamedicaidpharmacyservices.com,https://www.virginiamedicaidpharmacyservices.com/provider/external/medicaid/vamps/doc/en-us/VAMPS_SAform_Weight_Loss_Management.pdf,2026-10-04,2487ca4a2757287b17ae73031eb4834f13ede247865e123f4dbcaa68560d989e,no,"data/raw/coverage_sources/VA/dmas_service_authorization_form_weight_loss_management.txt (text extract, gitignored)",saved locally only: data/raw is not tracked; the facts used are in data/reference/medicaid_obesity_coverage.csv
"f00163-1125.pdf (state policy document, WI)",www.dhs.wisconsin.gov,https://www.dhs.wisconsin.gov/forms/f00163-1125.pdf,2026-10-04,02411470dbc8c64b1181661928cfb71250db8929fa01d61c23261aceefef6e28,no,"data/raw/coverage_sources/WI/dhs_f00163_1125.txt (text extract, gitignored)",saved locally only: data/raw is not tracked; the facts used are in data/reference/medicaid_obesity_coverage.csv
"dur_jun_24.pdf (state policy document, RI)",eohhs.ri.gov,https://eohhs.ri.gov/sites/g/files/xkgbur226/files/2024-06/dur_jun_24.pdf,2026-10-04,ebbc712259272431f80804c452658c80c549fdade10ee1ca7843ca6e6c551e02,no,"data/raw/coverage_sources/RI/eohhs_dur_board_minutes_2024-06-04.txt (text extract, gitignored)",saved locally only: data/raw is not tracked; the facts used are in data/reference/medicaid_obesity_coverage.csv
"glucagon-peptide-1-glp-1-receptor-agonists-indicated-obesity-pdl-edit (state policy document, MO)",dss.mo.gov,https://dss.mo.gov/media/file/glucagon-peptide-1-glp-1-receptor-agonists-indicated-obesity-pdl-edit,2026-10-04,bdef2584f5c6f7d89790431fdd7c48d59e2ada165c49b553568b100a20f6e347,no,"data/raw/coverage_sources/MO/mo_healthnet_glp1_obesity_pdl_edit_2026.txt (text extract, gitignored)",saved locally only: data/raw is not tracked; the facts used are in data/reference/medicaid_obesity_coverage.csv
"Download (state policy document, DE)",medicaidpublications.dhss.delaware.gov,https://medicaidpublications.dhss.delaware.gov/docs/DesktopModules/Bring2mind/DMX/API/Entries/Download?Command=Core_Download&EntryId=1398&PortalId=0&TabId=94&language=en-US,2026-10-04,e312a63c793aa3bccf44d2f95d0cc9d8e02f77b908a1e9ef49b8abdb729c22aa,no,"data/raw/coverage_sources/DE/delaware_medicaid_publication_entry1398.txt (text extract, gitignored)",saved locally only: data/raw is not tracked; the facts used are in data/reference/medicaid_obesity_coverage.csv
kff_budget_survey_fy2025_2026.pdf,files.kff.org,https://files.kff.org/attachment/report-results-from-an-annual-medicaid-budget-survey-for-state-fiscal-years-2025-and-2026.pdf,2026-10-03,c08879895fb23a31c5828ee9ec96bb311c401b347dbc54f77e390dcc029447c4,no,data/raw/coverage_sources/kff_budget_survey_fy2025_2026.pdf (gitignored),saved locally only (third-party or raw data folder)
kff_medicaid_coverage_and_spending_glp1_2026-01-16.html,www.kff.org,https://www.kff.org/medicaid/medicaid-coverage-of-and-spending-on-glp-1s/,2026-10-03,203f961d97031d43b158f5015fc6373ae2ab33faa552f8ea3227e02fd2c2f8c4,no,data/raw/policy_documents/kff_medicaid_coverage_and_spending_glp1_2026-01-16.html (gitignored),saved locally only (third-party or raw data folder)
