state,product,start_exact,start_earliest,start_earliest_source,start_earliest_accessed,start_latest,start_latest_source,start_latest_accessed,range_wider_than_1q,range_days,notes
Mississippi,Saxenda,2023-07-01,2023-07-01,exact: see latest source,2026-10-03,2023-07-01,CMS approval of MS SPA 23-0013 effective 2023-07-01 (medicaid.gov MS-23-0013.pdf); MS criteria v1.3 dated 7/1/2023 lists Saxenda and Wegovy Preferred,2026-10-03,N,0,
Mississippi,Wegovy,2023-07-01,2023-07-01,exact: see latest source,2026-10-03,2023-07-01,CMS approval of MS SPA 23-0013 effective 2023-07-01 (medicaid.gov MS-23-0013.pdf); MS criteria v1.3 dated 7/1/2023 lists Saxenda and Wegovy Preferred,2026-10-03,N,0,
Mississippi,Zepbound,,2026-01-02,MS Select Agents PA criteria dated 1/1/2026 (V8) lists Saxenda/Wegovy only,2026-10-03,2026-07-01,MS criteria dated 7/1/2026 (V11) lists Zepbound Preferred,2026-10-03,Y,180,
North Carolina,Saxenda,2024-08-01,2024-08-01,exact: see latest source,2026-10-03,2024-08-01,NC Medicaid prior approval criteria GLP-1s for Weight Management effective 2024-08-01,2026-10-03,N,0,ended 2025-09-30; reinstated 2025-12-12
North Carolina,Wegovy,2024-08-01,2024-08-01,exact: see latest source,2026-10-03,2024-08-01,NC Medicaid prior approval criteria GLP-1s for Weight Management effective 2024-08-01,2026-10-03,N,0,ended 2025-09-30; reinstated 2025-12-12
North Carolina,Zepbound,2024-08-01,2024-08-01,exact: see latest source,2026-10-03,2024-08-01,NC Medicaid prior approval criteria GLP-1s for Weight Management effective 2024-08-01,2026-10-03,N,0,ended 2025-09-30; reinstated 2025-12-12
Pennsylvania,Saxenda,2023-01-09,2023-01-09,exact: see latest source,2026-10-03,2023-01-09,"PA Medical Assistance Bulletin 2022-12-09 effective 2023-01-09 (names Saxenda, Wegovy)",2026-10-03,N,0,
Pennsylvania,Wegovy,2023-01-09,2023-01-09,exact: see latest source,2026-10-03,2023-01-09,"PA Medical Assistance Bulletin 2022-12-09 effective 2023-01-09 (names Saxenda, Wegovy)",2026-10-03,N,0,
Michigan,Saxenda,2022-02-01,2022-02-01,exact: see latest source,2026-10-03,2022-02-01,MDHHS bulletin MSA 21-49 (attachment lists Saxenda and Wegovy NDCs) and CMS approval of SPA 21-0018 effective 2022-02-01,2026-10-03,N,0,
Michigan,Wegovy,2022-02-01,2022-02-01,exact: see latest source,2026-10-03,2022-02-01,MDHHS bulletin MSA 21-49 (attachment lists Saxenda and Wegovy NDCs) and CMS approval of SPA 21-0018 effective 2022-02-01,2026-10-03,N,0,
Rhode Island,Saxenda,2023-10-03,2023-10-03,exact: see latest source,2026-10-03,2023-10-03,"RI EOHHS PDL 2024-01-17: Weight Management Agents (Saxenda, Wegovy) status implementation 10/03/2023",2026-10-03,N,0,PDL 2022-07-18 has no such class
Rhode Island,Wegovy,2023-10-03,2023-10-03,exact: see latest source,2026-10-03,2023-10-03,"RI EOHHS PDL 2024-01-17: Weight Management Agents (Saxenda, Wegovy) status implementation 10/03/2023",2026-10-03,N,0,PDL 2022-07-18 has no such class
Massachusetts,Saxenda,,2024-01-01,MassHealth Pharmacy Facts #235 (2024-11-19): 'began covering anti-obesity medications in January 2024' (month only),2026-10-03,2024-01-31,same document; month precision,2026-10-03,N,30,Pharmacy Facts read via Wayback copy (mass.gov 403)
Massachusetts,Wegovy,,2024-01-01,MassHealth Pharmacy Facts #235 (2024-11-19): 'began covering anti-obesity medications in January 2024' (month only),2026-10-03,2024-01-31,same document; month precision,2026-10-03,N,30,Pharmacy Facts read via Wayback copy (mass.gov 403)
South Carolina,Saxenda,2024-11-01,2024-11-01,exact: see latest source,2026-10-03,2024-11-01,"Milliman SFY 2026 Capitation Rate Methodology and Data Book for SCDHHS (2025-03-17): 'Effective November 1, 2024, SCDHHS implemented a policy to permit the use of GLP-1 pharmaceutical products Wegovy and Saxenda as weight management agents'; corroborated by SC Daily Gazette 2025-11-17",2026-10-03,N,0,SCDHHS bulletin itself not found (one attempt); end 2025-12-31 from SCDHHS spokesperson via SC Daily Gazette
South Carolina,Wegovy,2024-11-01,2024-11-01,exact: see latest source,2026-10-03,2024-11-01,"Milliman SFY 2026 Capitation Rate Methodology and Data Book for SCDHHS (2025-03-17): 'Effective November 1, 2024, SCDHHS implemented a policy to permit the use of GLP-1 pharmaceutical products Wegovy and Saxenda as weight management agents'; corroborated by SC Daily Gazette 2025-11-17",2026-10-03,N,0,SCDHHS bulletin itself not found (one attempt); end 2025-12-31 from SCDHHS spokesperson via SC Daily Gazette
California,Saxenda,2023-01-01,2023-01-01,exact: see latest source,2026-10-03,2023-01-01,"Medi-Cal Rx Contract Drugs List change log: 'Saxenda Added to CDL with restriction. January 1, 2023' (Wayback snapshot 2023-01-29)",2026-10-03,N,0,
California,Wegovy,2023-01-01,2023-01-01,exact: see latest source,2026-10-03,2023-01-01,"Medi-Cal Rx CDL change log: 'Semaglutide (Wegovy) Added to CDL with restriction. January 1, 2023'",2026-10-03,N,0,
California,Zepbound,2024-10-01,2024-10-01,exact: see latest source,2026-10-03,2024-10-01,"Medi-Cal Rx Monthly Bulletin 2024-10-01: 'Tirzepatide (Zepbound) Added to CDL ... October 1, 2024'",2026-10-03,N,0,
New Hampshire,Wegovy,,2021-06-04,FDA approval of Wegovy (2021-06-04); product could not be covered earlier,2026-10-03,2023-07-01,NH FFS Medicaid PDL effective 2023-07-01 (Prime Therapeutics portal) lists Wegovy and Saxenda; 2022-08-01 notice (eff. 2022-09-01) adds a Weight Management Agents class but names no drugs,2026-10-03,Y,757,older PDLs not archived
New Hampshire,Zepbound,,2024-03-02,NH PDL effective 2024-03-01 has no Zepbound,2026-10-03,2024-08-01,NH notification 2024-08-01 lists Weight Management - Zepbound among PDL additions,2026-10-03,Y,152,
New Hampshire,Saxenda,,2014-12-23,FDA approval of Saxenda (2014-12-23); product could not be covered earlier,2026-10-03,2023-07-01,NH PDL effective 2023-07-01,2026-10-03,Y,3112,
Minnesota,Wegovy,,2021-06-04,FDA approval of Wegovy (2021-06-04); product could not be covered earlier,2026-10-03,2022-01-27,"MN DHS Anti-Obesity Medications PA criteria (page labelled 'December 2021'; earliest archived capture 2022-01-27): 'Covered drugs with prior authorization' includes Saxenda and Wegovy, with a Wegovy-specific criterion (failed 3-month Saxenda trial)",2026-10-03,Y,237,"Counts as coverage under the anti-obesity class (covered list + class criteria). The weight-management PDL section ('added 3-1-2023') and the Drug Formulary Committee vote of 2022-11-16 set preferred status on the PDL, not coverage. Alternative PDL-based start = 2023-03-01 (sensitivity)"
Minnesota,Zepbound,,2024-03-16,MN Uniform PDL effective 2024-03-15 (section updated 1-1-2024): no Zepbound,2026-10-03,2024-12-01,MN Uniform PDL effective 2026-01-01: weight-management section updated 12-1-2024 lists Zepbound,2026-10-03,Y,260,PDL absence may reflect default non-preferred coverage
Minnesota,Saxenda,,2014-12-23,FDA approval of Saxenda (2014-12-23); product could not be covered earlier,2026-10-03,2022-01-27,MN criteria page labelled December 2021 (capture 2022-01-27),2026-10-03,Y,2592,
Wisconsin,Wegovy,,2021-09-18,ForwardHealth topic #7837 as archived 2021-09-17 lists Saxenda but not Wegovy,2026-10-03,2023-03-31,"ForwardHealth Update 2023-09 (March 2023) criteria name Saxenda, Wegovy, Xenical",2026-10-03,Y,559,
Wisconsin,Zepbound,,2023-11-08,FDA approval of Zepbound (2023-11-08); product could not be covered earlier,2026-10-03,2024-06-30,ForwardHealth Update 2024-16 (June 2024) treats Zepbound as a covered anti-obesity drug,2026-10-03,Y,235,
Wisconsin,Saxenda,,2014-12-23,FDA approval of Saxenda (2014-12-23); product could not be covered earlier,2026-10-03,2016-01-31,"Wisconsin Medicaid Pharmacy handbook, published policy through 2016-01-31, lists Saxenda",2026-10-03,Y,404,
Virginia,Wegovy,,2021-06-04,FDA approval of Wegovy (2021-06-04); product could not be covered earlier,2026-10-03,2022-06-10,"DMAS Pharmacy Manual App. D (page revision 6/10/2022): Wegovy requires a service authorization, effective immediately",2026-10-03,Y,371,
Virginia,Zepbound,,2023-11-08,FDA approval of Zepbound (2023-11-08); product could not be covered earlier,2026-10-03,2024-03-31,"DMAS quarterly report (March 2024): Zepbound approved Q4, non-preferred on PDL, available after trial/failure of preferred",2026-10-03,Y,144,
Kansas,Wegovy,,2021-06-04,FDA approval of Wegovy (2021-06-04); product could not be covered earlier,2026-10-03,2021-07-21,KS DUR Board minutes 2021-07-21 (ArchiveCenter item 2613): revision includes addition of Wegovy to Weight Loss Agents PA criteria,2026-10-03,N,47,Board approval date; implementation date not stated
Kansas,Zepbound,,2023-11-08,FDA approval of Zepbound (2023-11-08); product could not be covered earlier,2026-10-03,2024-01-17,KS DUR Board 2024-01-17 (items 2958/2991): criteria revision adds Zepbound; new Anti-Obesity PDL class approved,2026-10-03,N,70,
Kansas,Saxenda,,2014-12-23,FDA approval of Saxenda (2014-12-23); product could not be covered earlier,2026-10-03,2021-04-21,KS DUR Board minutes 2021-04-21 (item 2612): Weight Loss Agents criteria updated for Saxenda labeling,2026-10-03,Y,2311,
Delaware,Wegovy,,2021-06-04,FDA approval of Wegovy (2021-06-04); product could not be covered earlier,2026-10-03,2022-09-23,"DE Pharmacy Provider Policy Manual revision 09/23/2022 (sec. 3.5.6.1): drugs indicated for obesity covered with PA; CMS approved SPA DE-19-0009 on 2022-09-14 (eff. 2019-10-01, 'clarifies' obesity coverage)",2026-10-03,Y,476,policy-level coverage; Wegovy not named until the 2025 PDL; earlier manual versions not archived
Delaware,Zepbound,,2023-11-08,FDA approval of Zepbound (2023-11-08); product could not be covered earlier,2026-10-03,2025-11-03,Delaware Medicaid PDL revised 2025-11-03 lists Zepbound,2026-10-03,Y,726,class-level policy may imply earlier coverage
Delaware,Saxenda,,2014-12-23,FDA approval of Saxenda (2014-12-23); product could not be covered earlier,2026-10-03,2022-09-23,DE Pharmacy Provider Policy Manual revision 09/23/2022,2026-10-03,Y,2831,
Missouri,Wegovy,,2024-10-02,KFF FY2025-26 Medicaid budget survey (files.kff.org ... fy-2025-and-2026.pdf): state did not cover GLP-1s for obesity as of 2024-10-01 (13-state count a year earlier),2026-10-03,2025-02-01,"MO HealthNet PDL effective 2025-02-01 lists GLP-1 Receptor Agonists Indicated for Obesity (Zepbound, Wegovy); DPAC discussed the class edit on 2024-10-15 (implementation date not retrievable)",2026-10-03,Y,122,KFF: MO covers only Zepbound
Missouri,Zepbound,,2024-10-02,KFF FY2025-26 Medicaid budget survey (files.kff.org ... fy-2025-and-2026.pdf): state did not cover GLP-1s for obesity as of 2024-10-01 (13-state count a year earlier),2026-10-03,2025-02-01,"MO HealthNet PDL effective 2025-02-01 lists GLP-1 Receptor Agonists Indicated for Obesity (Zepbound, Wegovy); DPAC discussed the class edit on 2024-10-15 (implementation date not retrievable)",2026-10-03,Y,122,KFF: MO covers only Zepbound
Tennessee,Wegovy,,2024-10-02,KFF FY2025-26 Medicaid budget survey (files.kff.org ... fy-2025-and-2026.pdf): state did not cover GLP-1s for obesity as of 2024-10-01 (13-state count a year earlier),2026-10-03,2025-10-01,KFF FY2025-26 survey: state covered GLP-1s for obesity as of 2025-10-01 (16 states),2026-10-03,Y,364,no TennCare document found; a 2025-08-01 date appears only on aggregator sites and is not used
Tennessee,Zepbound,,2024-10-02,KFF FY2025-26 Medicaid budget survey (files.kff.org ... fy-2025-and-2026.pdf): state did not cover GLP-1s for obesity as of 2024-10-01 (13-state count a year earlier),2026-10-03,2025-10-01,KFF FY2025-26 survey: state covered GLP-1s for obesity as of 2025-10-01 (16 states),2026-10-03,Y,364,no TennCare document found; a 2025-08-01 date appears only on aggregator sites and is not used
Utah,Wegovy,,2024-10-02,KFF FY2025-26 Medicaid budget survey (files.kff.org ... fy-2025-and-2026.pdf): state did not cover GLP-1s for obesity as of 2024-10-01 (13-state count a year earlier),2026-10-03,2025-10-01,KFF FY2025-26 survey: state covered GLP-1s for obesity as of 2025-10-01 (16 states),2026-10-03,Y,364,UNVERIFIED: a snippet of Utah's PA form says 2025-07-01 start and 2026-06-30 pilot end; Utah documents return 403 and the Jan 2025 MIB shows GLP-1 criteria for T2DM only. Confidence stays low
Utah,Zepbound,,2024-10-02,KFF FY2025-26 Medicaid budget survey (files.kff.org ... fy-2025-and-2026.pdf): state did not cover GLP-1s for obesity as of 2024-10-01 (13-state count a year earlier),2026-10-03,2025-10-01,KFF FY2025-26 survey: state covered GLP-1s for obesity as of 2025-10-01 (16 states),2026-10-03,Y,364,UNVERIFIED: a snippet of Utah's PA form says 2025-07-01 start and 2026-06-30 pilot end; Utah documents return 403 and the Jan 2025 MIB shows GLP-1 criteria for T2DM only. Confidence stays low
Utah,Saxenda,,2024-10-02,KFF FY2025-26 Medicaid budget survey (files.kff.org ... fy-2025-and-2026.pdf): state did not cover GLP-1s for obesity as of 2024-10-01 (13-state count a year earlier),2026-10-03,2025-10-01,KFF FY2025-26 survey: state covered GLP-1s for obesity as of 2025-10-01 (16 states),2026-10-03,Y,364,UNVERIFIED: a snippet of Utah's PA form says 2025-07-01 start and 2026-06-30 pilot end; Utah documents return 403 and the Jan 2025 MIB shows GLP-1 criteria for T2DM only. Confidence stays low
